district_id	lg_id	ward_num	party	name
LK-11	LG-11001	0	SLFP	Mohammad Nazim Nawazia Begum
LK-11	LG-11001	0	SLFP	Mohammad Nazim Nawazia Begum
LK-11	LG-11002	2	IG1	Mohamad Jamaldeen Mohamad Naleem
LK-11	LG-11002	2	SEP	Weerasingha Arachchige Sunil
LK-11	LG-11004	0	JSP	Nisansala Kumari
LK-11	LG-11004	0	JSP	P.R.Bindumathi
LK-11	LG-11008	10	JSP	P.R.Bindumathi
LK-11	LG-11004	0	JSP	W.A.Vipula
LK-11	LG-11008	14	JSP	W.A.Vipula
LK-11	LG-11004	0	UPP	Periyasami Sudarshan
LK-11	LG-11004	16	JJB	Sunil Liyanage
LK-11	LG-11004	22	JSP	Chinthaka Jayasena
LK-11	LG-11008	8	JSP	Chinthaka Jayasena
LK-11	LG-11004	23	JSP	Indika Jayasingha
LK-11	LG-11005	23	IG2	Kankanam Gamage Sarath Kumara
LK-11	LG-11006	8	IG1	Muniyandi Ravi
LK-11	LG-11008	0	JSP	Murugan Mogana
LK-11	LG-11008	0	JSP	Pathum Chinthaka
LK-11	LG-11008	0	LSSP	Herath Mudiyanselage Gnanavathi
LK-11	LG-11009	0	LJP	Kannan Indra Devi
LK-11	LG-11010	0	FSP	Kannan Indra Devi
LK-11	LG-11012	8	IG1	Lagamuwa Hendeniye Pushpa Rajapaksha
LK-11	LG-11013	14	SLPP	Yapa Mudiyanselage Jayarathna
LK-12	LG-12008	10	JSP	Murugan Mogana
LK-12	LG-12001	0	IG9	Panambarage Ashen Nirmal Fernando
LK-12	LG-12001	27	IG8	Panambarage Ashen Nirmal Fernando
LK-12	LG-12001	11	IG1	Warnakulasooriya Francis Fernando
LK-12	LG-12005	0	FPF	Hetti Achchi Kalu Aggalage Layan Nilush Hettiarachchi
LK-12	LG-12005	18	NLNP	Hetti Achchi Kalu Aggalage Layan Nilush Hettiarachchi
LK-12	LG-12005	16	NLNP	Elibichchi Kankanamalage Indra Kanthi
LK-12	LG-12005	17	SLFP	Elibichchi Kankanamalage Indra Kanthi
LK-12	LG-12008	0	FPF	Kusum Sujeewani Costha
LK-12	LG-12018	8	FPF	Kusum Sujeewani Costha
LK-12	LG-12008	0	UNFF	Himashi Dilsara Ponnamperuma
LK-12	LG-12009	0	SLFP	Shanmugam Puwaneswary
LK-12	LG-12013	0	NLNP	Liyanage Chandrika Liyanage
LK-12	LG-12016	0	FPF	Rathnayaka Mudiyanselage Gunarathna
LK-12	LG-12017	0	NDF	Perumal Rajendran
LK-12	LG-12018	0	AJP	Arachchi Mudiyanselage Upul Saman Kumara
LK-12	LG-12018	0	AJP	Peradeniye Gasweda Gedara Thissa
LK-12	LG-12018	5	AJP	Weerapurage Wasantha Kumara
LK-12	LG-12018	6	AJP	Wanigasundara Mudiyanselage Samarasingha
LK-12	LG-12019	0	JJB	Herath Mudiyanselage Karunarathna
LK-13	LG-13003	20	JSP	Muniyandi Ravi
LK-13	LG-13001	0	IG2	Manna Marakkalage Lakshman Cooray
LK-13	LG-13003	0	SJB	Manna Marakkalage Lakshman Cooray
LK-13	LG-13003	0	JSP	Dona Chandrika Nayomi Nanayakkara
LK-13	LG-13003	0	JSP	Dona Chandrika Nayomi Nanayakkara
LK-13	LG-13004	0	NDF	Wathukarage Renuka Damayanthi Karuna
LK-13	LG-13004	0	NDF	Wathukarage Renuka Damayanthi Karuna
LK-13	LG-13004	0	NLNP	Kahawalage Pasindu Rukmal Dharmathilaka
LK-13	LG-13004	7	IG1	Kahawalage Pasindu Rukmal Dharmathilaka
LK-13	LG-13006	0	FSP	Palitha Kalyanapriya Ranasinghe
LK-13	LG-13006	0	FSP	Palitha Kalyanapriya Ranasinghe
LK-13	LG-13008	0	FSP	Koralage Siyantha Kumarasiri Thisera
LK-13	LG-13008	0	FSP	Koralage Siyantha Kumarasiri Thisera
LK-13	LG-13009	18	SLPP	Pattidurage Nilantha Chandralal
LK-13	LG-13009	19	SLPP	Pattidurage Nilantha Chandralal
LK-13	LG-13010	0	SJB	Pasquel Ponsekage Dayawathie Ponseka
LK-13	LG-13010	0	SJB	Pasquel Ponsekage Dayawathie Ponseka
LK-13	LG-13013	6	SJB	Samaraweera Mudalige Gemunu Wijegunarathne
LK-13	LG-13013	7	SJB	Samaraweera Mudalige Gemunu Wijegunarathne
LK-13	LG-13016	9	SLFP	Bellanthudawa Arachchige Nuwan Kanchana
LK-13	LG-13016	10	SLFP	Bellanthudawa Arachchige Nuwan Kanchana
LK-13	LG-13017	0	FSP	Ekanayaka Mudiyanselage Mahinda
LK-21	LG-21006	0	AJP	Arachchi Mudiyanselage Upul Saman Kumara
LK-21	LG-21011	11	AJP	Peradeniye Gasweda Gedara Thissa
LK-21	LG-21006	19	AJP	Weerapurage Wasantha Kumara
LK-21	LG-21006	18	AJP	Wanigasundara Mudiyanselage Samarasingha
LK-21	LG-21001	3	JJB	Ekanayake Mudiyanselage Thissa Ekanayake
LK-21	LG-21010	12	SJB	Ekanayake Mudiyanselage Thissa Ekanayake
LK-21	LG-21002	0	IG1	Dissanayake Mudiyanselage Bandula Dissanayake
LK-21	LG-21004	0	DPC	Sinnaiya Ganeshan
LK-21	LG-21004	0	JJB	Herath Mudiyanselage Nimal Herath Banda
LK-21	LG-21006	0	AJP	Niranjala Kumari Gamagedara
LK-21	LG-21006	0	JJB	Herath Mudiyanselage Nawarathna Bandara
LK-21	LG-21006	8	NLNP	Egodagedara Hasitha Sandaruwan Wijebandara
LK-21	LG-21017	18	UNFF	Egodagedara Hasitha Sandaruwan Wijebandara
LK-21	LG-21008	0	IG1	Egoda Gedara Champa
LK-21	LG-21014	6	UNFF	Egoda Gedara Champa
LK-21	LG-21009	2	UNA	Herath Mudiyanselage Janaka Bandara Herath
LK-21	LG-21011	21	AJP	Sewanu Nagaraja Suresh Kumar
LK-21	LG-21015	0	SJB	Herath Mudiyanselage Karunarathne
LK-21	LG-21016	0	FPF	Wickramasinghe Mudiyanselage Indrani Wickramasinghe
LK-21	LG-21016	0	FSP	Herath Mudiyanselage Sarath Bandara
LK-21	LG-21016	13	SLPP	Rathnayake Mudiyanselage Nishantha Rathnayake
LK-21	LG-21018	1	CWC(	Karupiah Sundaralingam
LK-21	LG-21021	0	UNP	Rathnayaka Mudiyanselage Kusumawathi
LK-21	LG-21004	10	SLPP	Herath Mudiyanselage Nawarathna Banda
LK-21	LG-21012	0	UNP	Dissanayaka Mudiyanselage Wijerathna
LK-21	LG-21013	0	SLFP	Rathnayake Mudiyanselage Rathnayake
LK-21	LG-21017	25	SLPP	Rathnayake Mudiyanselage Rathnayake
LK-21	LG-21019	0	SLPP	Rathnayaka Mudiyanselage Wijerathna
LK-21	LG-21002	8	SLFP	Herath Mudiyanselage Gamini Herath
LK-21	LG-21010	0	IG1	Herath Mudiyanselage Gamini Herath
LK-21	LG-21013	16	SJB	Herath Mudiyanselage Gamini Herath
LK-21	LG-21014	0	FPF	Dissanayaka Mudiyanselage Muthubanda
LK-22	LG-22012	9	SJB	Herath Mudiyanselage Nawarathna Bandara
LK-22	LG-22004	8	SJP	Herath Mudiyanselage Dhammika Herath
LK-22	LG-22010	2	SJB	Herath Mudiyanselage Shantha Bandara Herath
LK-22	LG-22012	14	CWC(	Arumugam Ananda Kumar
LK-22	LG-22013	0	SLFP	Rathnayaka Mudiyanselage Jayathissa
LK-22	LG-22007	15	JJB	Herath Mudiyanselage Nawarathna Banda
LK-23	LG-23009	0	EDF	Shanmugam Puwaneswary
LK-23	LG-23001	2	SJB	Perumal Rajendran
LK-23	LG-23001	15	JJB	Karupiah Sundaralingam
LK-23	LG-23001	16	FPF	Arumugam Ananda Kumar
LK-23	LG-23003	0	SJB	Herath Mudiyanselage Chandradasa
LK-23	LG-23006	0	FPF	Rathnayake Mudiyanselage Jayasekara
LK-23	LG-23006	0	NDMLP	Ramasamy Udayakumar
LK-23	LG-23006	16	USP	Perumal Ramakrishnan
LK-23	LG-23002	11	FPF	Rathnayaka Mudiyanselage Wijerathna
LK-23	LG-23011	0	IG0	Subramaniyam Sivakumar
LK-31	LG-31019	0	JJB	Weerasingha Arachchige Sunil
LK-31	LG-31008	0	SLFP	Himashi Dilsara Ponnamperuma
LK-31	LG-31009	0	FPF	Ajith Jayasekara
LK-31	LG-31016	0	SJB	Aththota Gamage Sandya Pathmamali
LK-31	LG-31016	0	SLFP	Aththota Gamage Sandya Pathmamali
LK-31	LG-31016	0	SJB	Edirisingha Arachchige Ruwini Tharanga
LK-31	LG-31016	0	SLFP	Edirisingha Arachchige Ruwini Tharanga
LK-31	LG-31016	0	SJB	Holi Pathiranage Geethamali
LK-31	LG-31016	0	SLFP	Holi Pathiranage Geethamali
LK-31	LG-31016	0	SJB	Kalupahana Liyanage Sarath Sumanasiri
LK-31	LG-31016	0	SLFP	Kalupahana Liyanage Sarath Sumanasiri
LK-31	LG-31016	0	SJB	Kanankege Ashan Dilentha Sanjeewa
LK-31	LG-31016	0	SLFP	Kanankege Ashan Dilentha Sanjeewa
LK-31	LG-31016	0	SJB	Kottegodage Nandanee Piris
LK-31	LG-31016	0	SLFP	Kottegodage Nandanee Piris
LK-31	LG-31016	0	SJB	Kotudura Bandanage Rathnaseeli Somawansha
LK-31	LG-31016	0	SLFP	Kotudura Bandanage Rathnaseeli Somawansha
LK-31	LG-31016	0	SJB	Lulbadda Waduge Mahesh
LK-31	LG-31016	0	SLFP	Lulbadda Waduge Mahesh
LK-31	LG-31016	0	SJB	Madhushani Dilhara Kariyawasam
LK-31	LG-31016	0	SLFP	Madhushani Dilhara Kariyawasam
LK-31	LG-31016	0	SJB	Makawita Liyanage Pathmini Kanthilatha
LK-31	LG-31016	0	SLFP	Makawita Liyanage Pathmini Kanthilatha
LK-31	LG-31016	0	SJB	Nihal Ananda Kumarasingha
LK-31	LG-31016	0	SLFP	Nihal Ananda Kumarasingha
LK-31	LG-31016	0	SJB	Ruwan Lakmal Puthra Gurudeniya
LK-31	LG-31016	0	SLFP	Ruwan Lakmal Puthra Gurudeniya
LK-31	LG-31016	0	SJB	Sandaru Widarsha Abeywickrama
LK-31	LG-31016	0	SLFP	Sandaru Widarsha Abeywickrama
LK-31	LG-31016	0	SJB	Sugeeswara Abeyrathna Wickramasingha
LK-31	LG-31016	0	SLFP	Sugeeswara Abeyrathna Wickramasingha
LK-31	LG-31016	0	SJB	Thalahagama Acharige Danuja Sankhajith
LK-31	LG-31016	0	SLFP	Thalahagama Acharige Danuja Sankhajith
LK-31	LG-31016	0	SJB	Umagiliya Kankanamge Nirosh Sameera
LK-31	LG-31016	0	SLFP	Umagiliya Kankanamge Nirosh Sameera
LK-31	LG-31016	0	SJB	Walpala Hewage Thilini Nimesha Malshani
LK-31	LG-31016	0	SLFP	Walpala Hewage Thilini Nimesha Malshani
LK-31	LG-31016	1	SJB	Bellanage Asanka Niroshana Chandrasekara
LK-31	LG-31016	1	SLFP	Bellanage Asanka Niroshana Chandrasekara
LK-31	LG-31016	2	SJB	Jeewananda Liyanaarachchi
LK-31	LG-31016	2	SLFP	Jeewananda Liyanaarachchi
LK-31	LG-31016	3	SJB	Thilak Wijebandara
LK-31	LG-31016	3	SLFP	Thilak Wijebandara
LK-31	LG-31016	4	SJB	Hemantha Senasiri Dias Abeywickrama Gunasekara
LK-31	LG-31016	4	SLFP	Hemantha Senasiri Dias Abeywickrama Gunasekara
LK-31	LG-31016	5	SJB	Bopage Chooladasa
LK-31	LG-31016	5	SLFP	Bopage Chooladasa
LK-31	LG-31016	6	SJB	Ruwan Kumara Hewa Rajarathna
LK-31	LG-31016	6	SLFP	Ruwan Kumara Hewa Rajarathna
LK-31	LG-31016	7	SJB	Kottawa Iniyage Malani Manamperi
LK-31	LG-31016	7	SLFP	Kottawa Iniyage Malani Manamperi
LK-31	LG-31016	8	SJB	Ginthota Dewage Indika Jayanath
LK-31	LG-31016	8	SLFP	Ginthota Dewage Indika Jayanath
LK-31	LG-31016	9	SJB	Ahangama Withanage Sriyani Abeygunasekara
LK-31	LG-31016	9	SLFP	Ahangama Withanage Sriyani Abeygunasekara
LK-31	LG-31016	10	SJB	Thalahagama Acharige Thissa
LK-31	LG-31016	10	SLFP	Thalahagama Acharige Thissa
LK-31	LG-31016	11	SJB	Lewallage Buddhinee Chathurika Premathilaka
LK-31	LG-31016	11	SLFP	Lewallage Buddhinee Chathurika Premathilaka
LK-31	LG-31016	12	SJB	Nilmini Damayanthi Thiranagama
LK-31	LG-31016	12	SLFP	Nilmini Damayanthi Thiranagama
LK-31	LG-31016	13	SJB	Somasundaram Niranjan
LK-31	LG-31016	13	SLFP	Somasundaram Niranjan
LK-31	LG-31016	14	SJB	Priyantha Sudath Weerapperuma
LK-31	LG-31016	14	SLFP	Priyantha Sudath Weerapperuma
LK-31	LG-31016	15	SJB	Kokmaduwa Jayasingha Arachchige Aminda Kumara
LK-31	LG-31016	15	SLFP	Kokmaduwa Jayasingha Arachchige Aminda Kumara
LK-31	LG-31016	16	SJB	Nawurunna Guruge Denistan Solaman De Silva
LK-31	LG-31016	16	SLFP	Nawurunna Guruge Denistan Solaman De Silva
LK-31	LG-31016	17	SJB	Bambarawanage Dharmasena
LK-31	LG-31016	17	SLFP	Bambarawanage Dharmasena
LK-31	LG-31016	18	SJB	Mohamad Ishak Mohamad Abdul Kadar
LK-31	LG-31016	18	SLFP	Mohamad Ishak Mohamad Abdul Kadar
LK-31	LG-31016	18	SJB	Nawurunna Guruge Methsiri Alexander De Silva
LK-31	LG-31016	18	SLFP	Nawurunna Guruge Methsiri Alexander De Silva
LK-31	LG-31016	19	SJB	Pitiduwa Liyana Badalge Nadeeka Priyanganee Premarathna
LK-31	LG-31016	19	SLFP	Pitiduwa Liyana Badalge Nadeeka Priyanganee Premarathna
LK-31	LG-31016	20	SJB	Siman Wasam Indrawathee
LK-31	LG-31016	20	SLFP	Siman Wasam Indrawathee
LK-32	LG-32002	0	FPF	Angappuli Hewage Siriyalatha
LK-32	LG-32002	0	NDF	Angappuli Hewage Siriyalatha
LK-32	LG-32002	0	FPF	Dewa Nimesh Prasanna De Silva
LK-32	LG-32002	0	NDF	Dewa Nimesh Prasanna De Silva
LK-32	LG-32002	0	FPF	Ginthota Kapuge Sumedha Prabhath
LK-32	LG-32002	0	NDF	Ginthota Kapuge Sumedha Prabhath
LK-32	LG-32002	0	FPF	Haburugala Vithanalage Dona Sarojani Priyanga
LK-32	LG-32002	0	NDF	Haburugala Vithanalage Dona Sarojani Priyanga
LK-32	LG-32002	0	FPF	Hettige Don Chinthaka Deshapriya
LK-32	LG-32002	0	NDF	Hettige Don Chinthaka Deshapriya
LK-32	LG-32002	0	FPF	Kankanam Gamage Chathurika Sewwandi
LK-32	LG-32002	0	NDF	Kankanam Gamage Chathurika Sewwandi
LK-32	LG-32002	0	FPF	Kodithuwakku Arachchige Suranga
LK-32	LG-32002	0	NDF	Kodithuwakku Arachchige Suranga
LK-32	LG-32002	0	FPF	Marimuththu Rangamma
LK-32	LG-32002	0	NDF	Marimuththu Rangamma
LK-32	LG-32002	0	FPF	Munamalpe Liyanage Champika Kamani
LK-32	LG-32002	0	NDF	Munamalpe Liyanage Champika Kamani
LK-32	LG-32002	0	FPF	Nagamuththu Chandrakumar
LK-32	LG-32002	0	NDF	Nagamuththu Chandrakumar
LK-32	LG-32002	0	FPF	Perumal Wijaya Lechchami
LK-32	LG-32002	0	NDF	Perumal Wijaya Lechchami
LK-32	LG-32002	0	FPF	Selloiya Sellodore
LK-32	LG-32002	0	NDF	Selloiya Sellodore
LK-32	LG-32002	1	FPF	Hewa Dewage Jayantha
LK-32	LG-32002	1	NDF	Hewa Dewage Jayantha
LK-32	LG-32002	2	FPF	Liyanarachchilage Don Nalin Sadaruwan
LK-32	LG-32002	2	NDF	Liyanarachchilage Don Nalin Sadaruwan
LK-32	LG-32002	3	FPF	Jayasinghe Mudiyanselage Shantha Kumara
LK-32	LG-32002	3	NDF	Jayasinghe Mudiyanselage Shantha Kumara
LK-32	LG-32002	4	FPF	Piyasiri Jayawardhene
LK-32	LG-32002	4	NDF	Piyasiri Jayawardhene
LK-32	LG-32002	4	FPF	Samiyel Yoganadan
LK-32	LG-32002	4	NDF	Samiyel Yoganadan
LK-32	LG-32002	5	FPF	Jeewaka Senarath Ehalepola Jayaweera
LK-32	LG-32002	5	NDF	Jeewaka Senarath Ehalepola Jayaweera
LK-32	LG-32002	5	SJB	Mahadurage Jayathissa
LK-32	LG-32002	6	FPF	Habarakada Ranasinghage Chandana Kumara
LK-32	LG-32002	6	NDF	Habarakada Ranasinghage Chandana Kumara
LK-32	LG-32002	7	FPF	Yamange Pushpa Ranjani
LK-32	LG-32002	7	NDF	Yamange Pushpa Ranjani
LK-32	LG-32002	8	FPF	Tharidu Dhanesh Hettiarachchi
LK-32	LG-32002	8	NDF	Tharidu Dhanesh Hettiarachchi
LK-32	LG-32002	9	FPF	Thudawe Hewage Ranjith
LK-32	LG-32002	9	NDF	Thudawe Hewage Ranjith
LK-32	LG-32002	11	FPF	Menikpurage Nihal Prashantha
LK-32	LG-32002	11	NDF	Menikpurage Nihal Prashantha
LK-32	LG-32002	12	FPF	Padmanadan Munisami
LK-32	LG-32002	12	NDF	Padmanadan Munisami
LK-32	LG-32002	13	FPF	Chulani Lasanthi Hettiarachchi
LK-32	LG-32002	13	NDF	Chulani Lasanthi Hettiarachchi
LK-32	LG-32006	4	SJB	Hewage Sunil
LK-32	LG-32008	5	JJB	Kankanam Gamage Ranjith
LK-32	LG-32010	0	FPF	Chanaka Chamindalal Wadanambi
LK-32	LG-32010	0	SLPP	Chanaka Chamindalal Wadanambi
LK-32	LG-32010	0	FPF	Dewundara Paththinige Chinthaka Mishan Kumara
LK-32	LG-32010	0	SLPP	Dewundara Paththinige Chinthaka Mishan Kumara
LK-32	LG-32010	0	FPF	Gamage Thilina Viraj
LK-32	LG-32010	0	SLPP	Gamage Thilina Viraj
LK-32	LG-32010	0	FPF	Karaputugala Gam Acharige Sagarika Lakmali
LK-32	LG-32010	0	SLPP	Karaputugala Gam Acharige Sagarika Lakmali
LK-32	LG-32010	0	FPF	Obada Arachchige Pasindu Harshana
LK-32	LG-32010	0	SLPP	Obada Arachchige Pasindu Harshana
LK-32	LG-32010	0	FPF	Peduru Arachchige Tharanga Janaki Jayasinghe
LK-32	LG-32010	0	SLPP	Peduru Arachchige Tharanga Janaki Jayasinghe
LK-32	LG-32010	0	FPF	Priyadarshani Garusinghe
LK-32	LG-32010	0	SLPP	Priyadarshani Garusinghe
LK-32	LG-32010	0	FPF	Ranbandi Kaludurage Dilini Sathsarani
LK-32	LG-32010	0	SLPP	Ranbandi Kaludurage Dilini Sathsarani
LK-32	LG-32010	0	FPF	Vidana Gamachchige Sampath
LK-32	LG-32010	0	SLPP	Vidana Gamachchige Sampath
LK-32	LG-32010	1	FPF	Hewa Walimunige Gnanasena
LK-32	LG-32010	1	SLPP	Hewa Walimunige Gnanasena
LK-32	LG-32010	1	FPF	Madurapperuma Widana Arachchige Siriyawathee
LK-32	LG-32010	1	SLPP	Madurapperuma Widana Arachchige Siriyawathee
LK-32	LG-32010	2	FPF	Abeykoon Jalath Pathiranage Jayasena Abeykoon
LK-32	LG-32010	2	SLPP	Abeykoon Jalath Pathiranage Jayasena Abeykoon
LK-32	LG-32010	3	FPF	Widana Pathirana Krishan Anuradha Premarathna
LK-32	LG-32010	3	SLPP	Widana Pathirana Krishan Anuradha Premarathna
LK-32	LG-32010	4	FPF	Peduru Arachchige Suljan Senarathna Weerasinghe
LK-32	LG-32010	4	SLPP	Peduru Arachchige Suljan Senarathna Weerasinghe
LK-32	LG-32010	5	FPF	Medage Aruna Rajapaksha
LK-32	LG-32010	5	SLPP	Medage Aruna Rajapaksha
LK-32	LG-32010	6	FPF	Alahapperuma Arachchige Lahiru Sandamal
LK-32	LG-32010	6	SLPP	Alahapperuma Arachchige Lahiru Sandamal
LK-32	LG-32010	7	FPF	Widana Gamage Udara Thilina
LK-32	LG-32010	7	SLPP	Widana Gamage Udara Thilina
LK-32	LG-32010	8	FPF	Gallege Chandrasiri
LK-32	LG-32010	8	SLPP	Gallege Chandrasiri
LK-32	LG-32010	9	FPF	Rathnayaka Weerakoonge Shehan Ransala
LK-32	LG-32010	9	SLPP	Rathnayaka Weerakoonge Shehan Ransala
LK-32	LG-32011	0	SLPP	Wedikkara Arachchige Sunil Shantha
LK-32	LG-32011	3	UNP	Wedikkara Arachchige Sunil Shantha
LK-32	LG-32012	3	SLFP	Dissanayaka Mudiyanselage Anulawathi
LK-32	LG-32014	0	DVJP	Dapana durage Saman Ananda
LK-32	LG-32014	0	FPF	Dapana durage Saman Ananda
LK-32	LG-32014	0	DVJP	Gayomi Maheswari Senevirathne
LK-32	LG-32014	0	FPF	Gayomi Maheswari Senevirathne
LK-32	LG-32014	0	DVJP	Hewa Kadawedduwage Jeewan Darshana
LK-32	LG-32014	0	FPF	Hewa Kadawedduwage Jeewan Darshana
LK-32	LG-32014	0	DVJP	Kanchana Harshani Kahanda Dissanayake
LK-32	LG-32014	0	FPF	Kanchana Harshani Kahanda Dissanayake
LK-32	LG-32014	0	DVJP	Peleda Pathirage Gayana Dimestrius Dias
LK-32	LG-32014	0	FPF	Peleda Pathirage Gayana Dimestrius Dias
LK-32	LG-32014	0	DVJP	Prasanga Wickramasinghe
LK-32	LG-32014	0	FPF	Prasanga Wickramasinghe
LK-32	LG-32014	0	DVJP	Rathnayaka Adhikaram Thenemnehelage Tekla Piyumika
LK-32	LG-32014	0	FPF	Rathnayaka Adhikaram Thenemnehelage Tekla Piyumika
LK-32	LG-32014	0	DVJP	Rawaththa Vidana Kankanamge Dayaseeli
LK-32	LG-32014	0	FPF	Rawaththa Vidana Kankanamge Dayaseeli
LK-32	LG-32014	0	DVJP	Rositha Ariya Srimal Udagama
LK-32	LG-32014	0	FPF	Rositha Ariya Srimal Udagama
LK-32	LG-32014	0	DVJP	Thotabole Arachchige Shiroma Pushpa Kumari
LK-32	LG-32014	0	FPF	Thotabole Arachchige Shiroma Pushpa Kumari
LK-32	LG-32014	0	DVJP	Thuduwa Waththage Akila NuwanKrishantha De Silva
LK-32	LG-32014	0	FPF	Thuduwa Waththage Akila NuwanKrishantha De Silva
LK-32	LG-32014	0	DVJP	Uru Bokkage Chandrani
LK-32	LG-32014	0	FPF	Uru Bokkage Chandrani
LK-32	LG-32014	0	DVJP	Uyangodage Tharindu
LK-32	LG-32014	0	FPF	Uyangodage Tharindu
LK-32	LG-32014	0	DVJP	Wadasinghe Nelsige Chaminda
LK-32	LG-32014	0	FPF	Wadasinghe Nelsige Chaminda
LK-32	LG-32014	0	JJB	Darumura Hettige Inoka Damayanthi
LK-32	LG-32014	0	SLFP	Darumura Hettige Inoka Damayanthi
LK-32	LG-32014	0	JJB	Galagamage Priyantha Jayalath
LK-32	LG-32014	0	SLFP	Galagamage Priyantha Jayalath
LK-32	LG-32014	0	JJB	Geegana Hewage Jayantha
LK-32	LG-32014	0	SLFP	Geegana Hewage Jayantha
LK-32	LG-32014	0	JJB	Hiththetiya Hewage Sarath
LK-32	LG-32014	0	SLFP	Hiththetiya Hewage Sarath
LK-32	LG-32014	0	JJB	Loku Kaluge Premasiri
LK-32	LG-32014	0	SLFP	Loku Kaluge Premasiri
LK-32	LG-32014	0	JJB	Madawalage Sunny Thanuja Samanmali
LK-32	LG-32014	0	SLFP	Madawalage Sunny Thanuja Samanmali
LK-32	LG-32014	0	JJB	Madhunika Sandaruwani Weerakoon
LK-32	LG-32014	0	SLFP	Madhunika Sandaruwani Weerakoon
LK-32	LG-32014	0	JJB	Malavi Achchi Kankanamge Rohana Sarathchandra
LK-32	LG-32014	0	SLFP	Malavi Achchi Kankanamge Rohana Sarathchandra
LK-32	LG-32014	0	JJB	Malwenna Hewage Shaminda Pradeep Kumara
LK-32	LG-32014	0	SLFP	Malwenna Hewage Shaminda Pradeep Kumara
LK-32	LG-32014	0	JJB	Manawadugei Susiripala
LK-32	LG-32014	0	SLFP	Manawadugei Susiripala
LK-32	LG-32014	0	JJB	Naotunna Gamage Lalani Indika
LK-32	LG-32014	0	SLFP	Naotunna Gamage Lalani Indika
LK-32	LG-32014	0	JJB	Punchi Hewage Lalani
LK-32	LG-32014	0	SLFP	Punchi Hewage Lalani
LK-32	LG-32014	0	JJB	Ranathunga Mudiyanselage Sara Samiri Liyanage
LK-32	LG-32014	0	SLFP	Ranathunga Mudiyanselage Sara Samiri Liyanage
LK-32	LG-32014	0	JJB	Vitharana Palliya Guruge Rupa Madhushani
LK-32	LG-32014	0	SLFP	Vitharana Palliya Guruge Rupa Madhushani
LK-32	LG-32014	1	DVJP	Damith Aththanayaka
LK-32	LG-32014	1	FPF	Damith Aththanayaka
LK-32	LG-32014	1	JJB	Hewa Edirappuli Anusha Kalyani
LK-32	LG-32014	1	SLFP	Hewa Edirappuli Anusha Kalyani
LK-32	LG-32014	2	DVJP	Ranaweera Arachchige Nandapala
LK-32	LG-32014	2	FPF	Ranaweera Arachchige Nandapala
LK-32	LG-32014	2	JJB	Upul Raveendra Jayathunga
LK-32	LG-32014	2	SLFP	Upul Raveendra Jayathunga
LK-32	LG-32014	3	DVJP	Sanath Kumara Weththasinghe
LK-32	LG-32014	3	FPF	Sanath Kumara Weththasinghe
LK-32	LG-32014	3	JJB	Wijesekara Liyanage Rohana
LK-32	LG-32014	3	SLFP	Wijesekara Liyanage Rohana
LK-32	LG-32014	4	DVJP	Sandun Pradeep Kumara Widanagamage
LK-32	LG-32014	4	FPF	Sandun Pradeep Kumara Widanagamage
LK-32	LG-32014	4	JJB	Hewa Udumullage Anura
LK-32	LG-32014	4	SLFP	Hewa Udumullage Anura
LK-32	LG-32014	5	DVJP	Agampodi Liyanage Dasantha Manura
LK-32	LG-32014	5	FPF	Agampodi Liyanage Dasantha Manura
LK-32	LG-32014	5	JJB	Nammuni Kankanam Vidana Mahadurage Ranmini Kumara
LK-32	LG-32014	5	SLFP	Nammuni Kankanam Vidana Mahadurage Ranmini Kumara
LK-32	LG-32014	6	DVJP	Kankanam Pathiranage Lasantha Sanjeewa
LK-32	LG-32014	6	FPF	Kankanam Pathiranage Lasantha Sanjeewa
LK-32	LG-32014	6	JJB	Senavirathna Batagoda Madhura Hengum
LK-32	LG-32014	6	SLFP	Senavirathna Batagoda Madhura Hengum
LK-32	LG-32014	7	DVJP	Dilan Nalaka Jayasinghe
LK-32	LG-32014	7	FPF	Dilan Nalaka Jayasinghe
LK-32	LG-32014	7	JJB	Sudath Hemachandra Samaranayaka
LK-32	LG-32014	7	SLFP	Sudath Hemachandra Samaranayaka
LK-32	LG-32014	8	DVJP	Wellewaththe Arachchige Tharushika Priyashan
LK-32	LG-32014	8	FPF	Wellewaththe Arachchige Tharushika Priyashan
LK-32	LG-32014	8	JJB	Piyal Sarath Kumara Kodithuwakku
LK-32	LG-32014	8	SLFP	Piyal Sarath Kumara Kodithuwakku
LK-32	LG-32014	9	DVJP	Elgiriya Vitharanage Madhushani
LK-32	LG-32014	9	FPF	Elgiriya Vitharanage Madhushani
LK-32	LG-32014	9	JJB	Galwaduge Thusitha
LK-32	LG-32014	9	SLFP	Galwaduge Thusitha
LK-32	LG-32014	10	DVJP	Wijesekara Kankanamge Akalanka Pinsara Sanghapriya
LK-32	LG-32014	10	FPF	Wijesekara Kankanamge Akalanka Pinsara Sanghapriya
LK-32	LG-32014	10	JJB	Bowala Liyanage Sunil Shantha
LK-32	LG-32014	10	SLFP	Bowala Liyanage Sunil Shantha
LK-32	LG-32014	11	DVJP	Palapatha Kodithuwakku Sampath Indunil Kodithuwakku
LK-32	LG-32014	11	FPF	Palapatha Kodithuwakku Sampath Indunil Kodithuwakku
LK-32	LG-32014	11	JJB	Sunil Wijesiriwardhana
LK-32	LG-32014	11	SLFP	Sunil Wijesiriwardhana
LK-32	LG-32014	12	DVJP	Mathota Ralalage Nihal Chandrasiri
LK-32	LG-32014	12	FPF	Mathota Ralalage Nihal Chandrasiri
LK-32	LG-32014	12	JJB	Vipulajeewa Rodrigo
LK-32	LG-32014	12	SLFP	Vipulajeewa Rodrigo
LK-32	LG-32014	13	DVJP	Peduru Arachchige Nihal Samarasinghe
LK-32	LG-32014	13	FPF	Peduru Arachchige Nihal Samarasinghe
LK-32	LG-32014	13	JJB	Koggala Hewage Rasika Prasad
LK-32	LG-32014	13	SLFP	Koggala Hewage Rasika Prasad
LK-32	LG-32014	14	DVJP	Eriweruwe Ranasinghe Hewage Priyantha Ransinghe
LK-32	LG-32014	14	FPF	Eriweruwe Ranasinghe Hewage Priyantha Ransinghe
LK-32	LG-32014	14	JJB	Korale Liyanage Sunil
LK-32	LG-32014	14	SLFP	Korale Liyanage Sunil
LK-32	LG-32014	15	DVJP	Thameer Duminda Gamhewa
LK-32	LG-32014	15	FPF	Thameer Duminda Gamhewa
LK-32	LG-32014	15	JJB	Walathara Acharige Prabhath Pushpakumara
LK-32	LG-32014	15	SLFP	Walathara Acharige Prabhath Pushpakumara
LK-32	LG-32014	16	DVJP	Liyanage Kulawathi
LK-32	LG-32014	16	FPF	Liyanage Kulawathi
LK-32	LG-32014	16	JJB	Sugath Wengappuli
LK-32	LG-32014	16	SLFP	Sugath Wengappuli
LK-32	LG-32014	17	DVJP	Thilak Rohana Abeysinghe
LK-32	LG-32014	17	FPF	Thilak Rohana Abeysinghe
LK-32	LG-32014	17	JJB	Muhandiramge Gunasekara Anusha Nishanthi Gunasekara
LK-32	LG-32014	17	SLFP	Muhandiramge Gunasekara Anusha Nishanthi Gunasekara
LK-32	LG-32002	0	SLPP	Dahanayakage Pradeep Nandana
LK-32	LG-32002	10	FPF	Dahanayakage Pradeep Nandana
LK-32	LG-32002	10	NDF	Dahanayakage Pradeep Nandana
LK-33	LG-33004	0	JSP	Nisansala Kumari
LK-33	LG-33009	10	FPF	Kankanam Gamage Sarath Kumara
LK-33	LG-33010	0	JJB	Kankanam Gamage Ranjith
LK-33	LG-33007	10	FPF	Mallika Rathnayaka
LK-33	LG-33008	0	FPF	Jayasekara Pathiranage Siriyalatha
LK-33	LG-33008	5	FPF	Jayasekara Pathiranage Siriyalatha
LK-41	LG-41001	0	SLFP	Yakappar Niroshan
LK-41	LG-41001	4	AITC	Yakappar Niroshan
LK-41	LG-41003	0	JJB	Mahalingam Karunakaran
LK-41	LG-41004	3	UNP	Mahalingam Karunakaran
LK-41	LG-41004	11	SJB	Kanthasamy Thayaparan
LK-41	LG-41012	6	DTNA	Kanthasamy Thayaparan
LK-41	LG-41005	0	ITAK	Selvarasa Mayuran
LK-41	LG-41005	0	SLFP	Sivakumar Manoja
LK-41	LG-41005	0	UNP	Sivakumar Manoja
LK-41	LG-41005	5	UNP	Kanthasamy Sathees
LK-41	LG-41009	8	DTNA	Kanthasamy Sathees
LK-41	LG-41005	12	IG0	Sinnarasa Maheswaran
LK-41	LG-41006	9	SJB	Murugesu Pathmanathan
LK-41	LG-41007	0	SJB	Mathan Mathusha
LK-41	LG-41015	0	SJB	Mathan Mathusha
LK-41	LG-41007	2	EPDP	Sellan Sivarasa
LK-41	LG-41013	6	SDPoT	Sellan Sivarasa
LK-41	LG-41010	7	UNP	Sathiyarasa Rokesan
LK-41	LG-41015	16	UNP	Sathiyarasa Rokesan
LK-41	LG-41012	10	DTNA	Kanapathipillai Yogarasa
LK-41	LG-41013	4	SJB	Arumugam Selvaratnam
LK-41	LG-41013	11	SJB	Arumugam Selvaratnam
LK-41	LG-41014	0	SJB	Jeyakumar Rusanthan
LK-41	LG-41014	4	UNP	Selvaraja Sasikumar
LK-41	LG-41015	0	AITC	Sathasivam Suthakaran
LK-41	LG-41015	0	IG3	Tharsini Santhakumar
LK-41	LG-41015	0	IG3	Tharsini Santhakumar
LK-41	LG-41007	14	ITAK	Kanthaiya Tharmalingam
LK-41	LG-41012	10	UNP	Subramaniam Sivakumar
LK-42	LG-42005	6	LJP	Herath Mudiyanselage Gnanavathi
LK-42	LG-42001	0	SJB	Kannaiya Rathikumari
LK-42	LG-42001	0	SLFP	Kannaiya Rathikumari
LK-43	LG-43003	10	DUA	Sinnaiya Ganeshan
LK-43	LG-43005	4	IG3	Ramasamy Udayakumar
LK-43	LG-43003	8	ITAK	Perumal Ramakrishnan
LK-43	LG-43004	0	JJB	Dissanayaka Mudiyanselage Anulawathi
LK-43	LG-43004	5	EPDP	Selvarasa Mayuran
LK-43	LG-43003	8	EPDP	Murugesu Pathmanathan
LK-43	LG-43003	0	DTNA	Jeyakumar Rusanthan
LK-43	LG-43002	0	JJB	Adikari Mudiyanselage Sanjeewa Adikari
LK-43	LG-43004	0	DUA	Rasalingam Pathmanathan
LK-43	LG-43004	0	IG2	Rasalingam Pathmanathan
LK-43	LG-43004	0	ITAK	Kanthasamy Koneswaran
LK-45	LG-45002	0	ITAK	Sinnarasa Maheswaran
LK-45	LG-45002	13	EPDP	Sinnaiya Sivakumar
LK-45	LG-45002	17	SK	Kanthaiya Tharmalingam
LK-45	LG-45002	19	DTNA	Kanthaiya Tharmalingam
LK-51	LG-51001	0	AITM	SASITHARAN NAVAMALAR
LK-51	LG-51001	2	AITC	SASITHARAN NAVAMALAR
LK-51	LG-51007	0	DTNA	THAVARASA THAYALINI
LK-51	LG-51011	0	DTNA	THAVARASA THAYALINI
LK-51	LG-51008	0	IG2	SULAIMA LEBBE SITHY KABEERA
LK-51	LG-51008	0	IG5	SULAIMA LEBBE SITHY KABEERA
LK-53	LG-53011	1	TULF	Kanapathipillai Yogarasa
LK-53	LG-53005	3	JJB	Sathasivam Suthakaran
LK-53	LG-53006	6	TMVP	Kanthasamy Koneswaran
LK-53	LG-53006	9	SDPoT	Sinnaiya Sivakumar
LK-53	LG-53004	9	ACMC	Disanayaka Mudiyanselage Anura Disanayaka
LK-53	LG-53005	6	JJB	Thennakoon Mudiyanselage Anura Thennakoon
LK-53	LG-53013	0	SJB	Vipunasekaram Karthika
LK-53	LG-53013	0	TMVP	Vipunasekaram Karthika
LK-61	LG-61017	0	UNP	Mohamad Jamaldeen Mohamad Naleem
LK-61	LG-61005	8	JJB	Ekanayaka Mudiyanselage Mahinda
LK-61	LG-61005	0	UNP	Herath Mudiyanselage Sarath Bandara
LK-61	LG-61017	8	SLPP	Herath Mudiyanselage Shantha Bandara Herath
LK-61	LG-61004	10	FPF	Thennakoon Mudiyanselage Anura Thennakoon
LK-61	LG-61001	0	AJP	Wasala Mudiyanselage Jayathunga Wasala
LK-61	LG-61001	4	UNP	Wasala Mudiyanselage Jayathunga Wasala
LK-61	LG-61001	9	SLPP	Herath Mudiyanselage Ekanayaka
LK-61	LG-61002	0	APA	Rathnayaka Mudiyanselage Mallika Rathnayaka
LK-61	LG-61002	16	FPF	Herath Mudiyanselage Jayantha Herath
LK-61	LG-61010	4	SLPP	Herath Mudiyanselage Jayantha Herath
LK-61	LG-61003	11	FSP	Herath Mudiyanselage Jayasena
LK-61	LG-61004	3	FPF	Herath Mudiyanselage Jayasena
LK-61	LG-61003	15	SJB	Dissanayaka Mudiyanselage Sarath Dissanayaka
LK-61	LG-61004	0	UNP	Rathnayaka Mudiyanselage Karunarathna
LK-61	LG-61005	1	JJB	Dissanayaka Mudiyanselage Nimal Dissanayaka
LK-61	LG-61005	10	JJB	Herath Mudiyanselage Sarath Kumara
LK-61	LG-61006	0	UNP	Rathnayaka Mudiyanselage Karunawathi
LK-61	LG-61006	0	UNP	Rathnayaka Mudiyanselage Pushpa Kumara
LK-61	LG-61006	3	SJB	Herath Mudiyanselage Saman Bandara
LK-61	LG-61007	0	SLPP	Rathnayaka Mudiyanselage Niranjala Kumari
LK-61	LG-61007	0	SLPP	Thennakoon Mudiyanselage Nandawathi
LK-61	LG-61007	8	SLPP	Herath Mudiyanselage Thilakarathna
LK-61	LG-61007	20	UNP	Rathnayaka Mudiyanselage Wasantha Kumara Rathnayaka
LK-61	LG-61008	0	UNP	Rathnayaka Mudiyanselage Wasantha Kumara Rathnayaka
LK-61	LG-61008	6	UNP	Rathnayaka Mudiyanselage Gunawardhana
LK-61	LG-61008	9	SJB	Dissanayaka Mudiyanselage Rathnayaka
LK-61	LG-61011	4	UNP	Rathnayaka Mudiyanselage Dharmarathna
LK-61	LG-61011	11	JJB	Dissanayaka Mudiyanselage Sunil Dissanayaka
LK-61	LG-61013	0	SLPP	Ekanayaka Mudiyanselage Nimal Ekanayaka
LK-61	LG-61014	5	FPF	Rathnayaka Mudiyanselage Bandula Rathnayaka
LK-61	LG-61015	1	SJB	Rathnayaka Mudiyanselage Thilakarathna
LK-61	LG-61016	11	UNP	Wijekoon Mudiyanselage Ananda Wijekoon
LK-61	LG-61020	10	ACMC	Mohamad Thaha Mohamad Safran
LK-61	LG-61002	11	UNP	Herath Mudiyanselage Karunarathna
LK-61	LG-61001	0	AJP	Herath Mudiyanselage Malani Herath
LK-61	LG-61001	0	JJB	Herath Mudiyanselage Mallika Herath
LK-61	LG-61003	2	SJB	Rathnayaka Mudiyanselage Priyantha Rathnayaka
LK-61	LG-61006	13	SLPP	Rathnayaka Mudiyanselage Priyantha Rathnayaka
LK-61	LG-61004	4	UNA	Herath Mudiyanselage Somawathi
LK-61	LG-61007	0	FSP	Herath Mudiyanselage Wasantha Herath
LK-61	LG-61007	4	FPF	Herath Mudiyanselage Nandawathi
LK-61	LG-61007	13	IG1	Herath Mudiyanselage Nandawathi
LK-61	LG-61015	11	FSP	Dissanayaka Mudiyanselage Jayathilaka
LK-61	LG-61006	18	UNP	Herath Mudiyanselage Gamini Herath
LK-62	LG-62002	0	SJB	Warnakulasooriya Francis Fernando
LK-62	LG-62007	7	JJB	Herath Mudiyanselage Nimal Herath Banda
LK-62	LG-62012	11	SJB	Herath Mudiyanselage Karunarathne
LK-62	LG-62002	0	FPF	Mohamad Thaha Mohamad Safran
LK-71	LG-71007	0	SJB	Herath Mudiyanselage Janaka Bandara Herath
LK-71	LG-71017	6	IG1	Adikari Mudiyanselage Sanjeewa Adikari
LK-71	LG-71016	8	SJB	Herath Mudiyanselage Ekanayaka
LK-71	LG-71015	0	SLFP	Dissanayaka Mudiyanselage Sarath Dissanayaka
LK-71	LG-71009	0	UNP	Rathnayaka Mudiyanselage Karunarathna
LK-71	LG-71017	7	SJB	Ekanayaka Mudiyanselage Nimal Ekanayaka
LK-71	LG-71010	0	SLPP	Wijekoon Mudiyanselage Ananda Wijekoon
LK-71	LG-71003	0	FPF	Herath Mudiyanselage Ranage Wasantha Ranasinghe
LK-71	LG-71003	0	FPF	Herath Mudiyanselage Ranage Wasantha Ranasinghe
LK-71	LG-71005	0	SLPP	Upul Wijithasiri Ovitagedara
LK-71	LG-71005	0	SLPP	Upul Wijithasiri Ovitagedara
LK-71	LG-71005	7	APA	Rathnayake Mudiyanselage Tharanga Lakmal Ariyarathna
LK-71	LG-71005	11	APA	Rathnayake Mudiyanselage Tharanga Lakmal Ariyarathna
LK-71	LG-71006	0	SLPP	Herath Bandage Surasena Abeysekara
LK-71	LG-71006	0	SLPP	Herath Bandage Surasena Abeysekara
LK-71	LG-71007	0	ACMC	Mohomed Azan Abdul Haleem
LK-71	LG-71007	0	ACMC	Mohomed Azan Abdul Haleem
LK-71	LG-71012	0	JJB	Lal Paanabokke
LK-71	LG-71012	0	JJB	Lal Paanabokke
LK-71	LG-71015	14	SLFP	Dissanayaka Mudiyanselage Sirisena
LK-71	LG-71017	6	FPF	Dissanayaka Mudiyanselage Manjula Dissanayaka
LK-71	LG-71018	7	APA	Herath Mudiyanselage Anura Herath
LK-71	LG-71019	0	SLFP	Balithiannala Gedera Samantha Piyathilaka
LK-71	LG-71019	0	SLPP	Balithiannala Gedera Samantha Piyathilaka
LK-71	LG-71019	0	SLFP	Dissanayake Mudiyanselage Piumi Aradhana Dissanayake
LK-71	LG-71019	0	SLPP	Dissanayake Mudiyanselage Piumi Aradhana Dissanayake
LK-71	LG-71019	0	SLFP	Herath Mudiyanselage Prasanna Pradeep Kumar
LK-71	LG-71019	0	SLPP	Herath Mudiyanselage Prasanna Pradeep Kumar
LK-71	LG-71019	0	SLFP	Ilangasinghe Mudiyanselage Thilaka Nimali Ilangasinghe
LK-71	LG-71019	0	SLPP	Ilangasinghe Mudiyanselage Thilaka Nimali Ilangasinghe
LK-71	LG-71019	0	SLFP	Kalugala Mudianselage Kaushalya Kumari Pussella
LK-71	LG-71019	0	SLPP	Kalugala Mudianselage Kaushalya Kumari Pussella
LK-71	LG-71019	0	SLFP	Kamaldeenge Sujatha Parmil
LK-71	LG-71019	0	SLPP	Kamaldeenge Sujatha Parmil
LK-71	LG-71019	0	SLFP	Pakkiru Lebbe Abdul Raseedu
LK-71	LG-71019	0	SLPP	Pakkiru Lebbe Abdul Raseedu
LK-71	LG-71019	0	SLFP	Pihimbuwalage Gedera Sunil Priyantha Kumara
LK-71	LG-71019	0	SLPP	Pihimbuwalage Gedera Sunil Priyantha Kumara
LK-71	LG-71019	0	SLFP	Semasinghe Bandaralage Herath Menike
LK-71	LG-71019	0	SLPP	Semasinghe Bandaralage Herath Menike
LK-71	LG-71019	1	SLFP	Wanasinghe Mudiyanselage Dissanayake Banda
LK-71	LG-71019	1	SLPP	Wanasinghe Mudiyanselage Dissanayake Banda
LK-71	LG-71019	2	SLFP	Sadakathulla Habeebu Noordheen
LK-71	LG-71019	2	SLPP	Sadakathulla Habeebu Noordheen
LK-71	LG-71019	3	SLFP	Hayatu Mommadu Raziqdeen
LK-71	LG-71019	3	SLPP	Hayatu Mommadu Raziqdeen
LK-71	LG-71019	4	SLFP	Ekanayake Mudiyanselage Shamila Pathum Ekanayake
LK-71	LG-71019	4	SLPP	Ekanayake Mudiyanselage Shamila Pathum Ekanayake
LK-71	LG-71019	5	SLFP	Pathiranage Martin Silva
LK-71	LG-71019	5	SLPP	Pathiranage Martin Silva
LK-71	LG-71019	6	SLFP	Ranasinghe Arachchilage Chandana Nishantha Ranasinghe
LK-71	LG-71019	6	SLPP	Ranasinghe Arachchilage Chandana Nishantha Ranasinghe
LK-71	LG-71019	7	SLFP	Dissanayake Mudiyanselage Jagath Chandrasiri Dissanayake
LK-71	LG-71019	7	SLPP	Dissanayake Mudiyanselage Jagath Chandrasiri Dissanayake
LK-71	LG-71019	8	SLFP	Navaratne Mudiyanselage Shriani Deepika Pushpa Kumari
LK-71	LG-71019	8	SLPP	Navaratne Mudiyanselage Shriani Deepika Pushpa Kumari
LK-71	LG-71019	9	SLFP	Dissanayake Mudiyanselage Jayantha Rajapaksha
LK-71	LG-71019	9	SLPP	Dissanayake Mudiyanselage Jayantha Rajapaksha
LK-71	LG-71019	10	SLFP	Dissanayake Mudiyanselage Karunarathne
LK-71	LG-71019	10	SLPP	Dissanayake Mudiyanselage Karunarathne
LK-71	LG-71009	11	UNP	Herath Mudiyanselage Karunarathna
LK-71	LG-71006	11	UNP	Herath Mudiyanselage Gunathilaka
LK-71	LG-71018	0	SJB	Dissanayaka Mudiyanselage Gunarathna
LK-72	LG-72002	0	FSP	Herath Mudiyanselage Dhammika Herath
LK-72	LG-72001	13	SLPP	Herath Mudiyanselage Sarath Kumara
LK-72	LG-72001	0	FPF	Don Dewelapolage Anusa Nilanthi Perera
LK-72	LG-72001	0	SLFP	Don Dewelapolage Anusa Nilanthi Perera
LK-72	LG-72005	0	FSP	Dissanayaka Mudiyanselage Sumanawathi
LK-72	LG-72005	0	JJB	Dissanayaka Mudiyanselage Gunawardhana
LK-72	LG-72005	12	AJP	Dissanayake Mudiyanselage Chandralatha
LK-72	LG-72002	17	SJB	Herath Mudiyanselage Nawarathna Banda
LK-72	LG-72008	0	SLPP	Herath Mudiyanselage Somawathi
LK-72	LG-72002	17	JJB	Herath Mudiyanselage Wasantha Herath
LK-81	LG-81012	4	UNP	Sunil Liyanage
LK-81	LG-81011	0	SJB	Yapa Mudiyanselage Jayarathna
LK-81	LG-81010	2	UNP	Rathnayaka Mudiyanselage Gunarathna
LK-81	LG-81011	19	SLFP	Dissanayake Mudiyanselage Bandula Dissanayake
LK-81	LG-81012	15	IG1	Rathnayake Mudiyanselage Nishantha Rathnayake
LK-81	LG-81002	2	UNP	Herath Mudiyanselage Chandradasa
LK-81	LG-81011	7	NLNP	Rathnayake Mudiyanselage Jayasekara
LK-81	LG-81011	0	NLNP	Ajith Jayasekara
LK-81	LG-81009	0	IG2	Selvaraja Sasikumar
LK-81	LG-81010	20	SLPP	Disanayaka Mudiyanselage Anura Disanayaka
LK-81	LG-81003	0	SJB	Rathnayaka Mudiyanselage Mallika Rathnayaka
LK-81	LG-81003	4	SLPP	Dissanayaka Mudiyanselage Nimal Dissanayaka
LK-81	LG-81009	0	FSP	Rathnayaka Mudiyanselage Niranjala Kumari
LK-81	LG-81010	17	UNP	Thennakoon Mudiyanselage Nandawathi
LK-81	LG-81001	3	NDF	Herath Mudiyanselage Thilakarathna
LK-81	LG-81004	0	FPF	Rathnayaka Mudiyanselage Dharmarathna
LK-81	LG-81018	5	SLPP	Dissanayaka Mudiyanselage Sunil Dissanayaka
LK-81	LG-81004	9	SLPP	Rathnayaka Mudiyanselage Bandula Rathnayaka
LK-81	LG-81003	2	IG1	Dissanayaka Mudiyanselage Manjula Dissanayaka
LK-81	LG-81001	8	SLPP	Herath Mudiyanselage Anura Herath
LK-81	LG-81005	0	IG2	Dissanayaka Mudiyanselage Sumanawathi
LK-81	LG-81002	0	FSP	Dissanayaka Mudiyanselage Chandrawathi
LK-81	LG-81004	0	SLFP	Dissanayaka Mudiyanselage Chandrawathi
LK-81	LG-81002	2	FSP	Rathnayaka Mudiyanselage Abeykoon
LK-81	LG-81010	0	IG0	Rathnayaka Mudiyanselage Abeykoon
LK-81	LG-81002	3	UNP	Aththanayaka Mudiyanselage Wijerathna
LK-81	LG-81002	7	SJB	Dissanayaka Mudiyanselage Sarath Kumara
LK-81	LG-81003	0	UNP	Rathnayaka Mudiyanselage Siripala
LK-81	LG-81004	1	SLPP	Rathnayaka Mudiyanselage Siripala
LK-81	LG-81003	0	UNP	Thennakoon Mudiyanselage Siriyawathi
LK-81	LG-81012	8	SJB	Thennakoon Mudiyanselage Siriyawathi
LK-81	LG-81004	0	AJP	Rathnayaka Mudiyanselage Anulawathi
LK-81	LG-81010	0	SJB	Rathnayaka Mudiyanselage Anulawathi
LK-81	LG-81004	0	SJB	Dissanayaka Mudiyanselage Padmawathi
LK-81	LG-81004	0	SLPP	Dissanayaka Mudiyanselage Karunarathna
LK-81	LG-81004	0	UNP	Rathnayaka Mudiyanselage Sumanawathi
LK-81	LG-81005	2	UNP	Rathnayaka Mudiyanselage Sumanawathi
LK-81	LG-81005	7	IG2	Rathnayaka Mudiyanselage Dayananda
LK-81	LG-81006	0	SLPP	Dissanayaka Mudiyanselage Gamini Dissanayaka
LK-81	LG-81009	0	UNP	Rathnayaka Mudiyanselage Rathnapala
LK-81	LG-81012	0	FPF	Herath Mudiyanselage Sisira Kumara
LK-81	LG-81012	0	SLPP	Rajapaksha Mudiyanselage Renuka Rajapaksha
LK-81	LG-81012	20	IG1	Muhammadu Puwad Mohamad Pareed
LK-81	LG-81012	20	SLFP	Muhammadu Puwad Mohamad Pareed
LK-81	LG-81003	8	UNP	Dissanayaka Mudiyanselage Wijerathna
LK-81	LG-81006	1	UNP	Dissanayaka Mudiyanselage Wijerathna
LK-81	LG-81012	0	IG1	Rathnayake Mudiyanselage Rathnayake
LK-81	LG-81006	4	IG1	Rathnayaka Mudiyanselage Wijerathna
LK-81	LG-81001	0	FPF	Herath Mudiyanselage Malani Herath
LK-81	LG-81015	0	FPF	Herath Mudiyanselage Malani Herath
LK-81	LG-81001	1	FPF	Herath Mudiyanselage Wasantha Herath
LK-81	LG-81005	2	SJB	Dissanayaka Mudiyanselage Jayathilaka
LK-81	LG-81001	7	IG2	Herath Mudiyanselage Gunathilaka
LK-81	LG-81010	2	SJB	Herath Mudiyanselage Gunathilaka
LK-81	LG-81004	0	AJP	Rathnayaka Mudiyanselage Nandawathi
LK-81	LG-81005	0	NDF	Rathnayaka Mudiyanselage Nandawathi
LK-81	LG-81010	0	NDF	Rathnayaka Mudiyanselage Nandawathi
LK-81	LG-81005	0	SLPP	Dissanayaka Mudiyanselage Jayasundara
LK-81	LG-81002	1	SJB	Dissanayaka Mudiyanselage Muthubanda
LK-81	LG-81001	0	NDF	Herath Mudiyanselage Abeyrathna
LK-81	LG-81002	0	UNP	Herath Mudiyanselage Abeyrathna
LK-81	LG-81015	0	IG1	Herath Mudiyanselage Abeyrathna
LK-82	LG-82009	0	JSP	Indika Jayasingha
LK-82	LG-82009	3	JSP	Pathum Chinthaka
LK-82	LG-82006	0	IG0	Rathnayaka Mudiyanselage Kusumawathi
LK-82	LG-82009	0	JJB	Hewage Sunil
LK-82	LG-82006	0	SLPP	Mallika Rathnayaka
LK-82	LG-82002	0	FSP	Rathnayaka Mudiyanselage Karunawathi
LK-82	LG-82004	7	FSP	Rathnayaka Mudiyanselage Pushpa Kumara
LK-82	LG-82003	0	JJB	Herath Mudiyanselage Saman Bandara
LK-82	LG-82003	0	SLPP	Rathnayaka Mudiyanselage Gunawardhana
LK-82	LG-82004	0	SLPP	Dissanayaka Mudiyanselage Rathnayaka
LK-82	LG-82005	0	UNP	Rathnayaka Mudiyanselage Thilakarathna
LK-82	LG-82002	0	SJB	Dissanayaka Mudiyanselage Sirisena
LK-82	LG-82003	0	SLPP	Dissanayaka Mudiyanselage Gunawardhana
LK-82	LG-82008	0	IG0	Dissanayake Mudiyanselage Chandralatha
LK-82	LG-82001	10	SLPP	Aththanayaka Mudiyanselage Wijerathna
LK-82	LG-82003	1	UNP	Dissanayaka Mudiyanselage Sarath Kumara
LK-82	LG-82006	0	IG0	Dissanayaka Mudiyanselage Padmawathi
LK-82	LG-82007	0	SLPP	Dissanayaka Mudiyanselage Karunarathna
LK-82	LG-82004	0	IG0	Rathnayaka Mudiyanselage Dayananda
LK-82	LG-82006	0	FPF	Dissanayaka Mudiyanselage Gamini Dissanayaka
LK-82	LG-82006	5	JJB	Rathnayaka Mudiyanselage Rathnapala
LK-82	LG-82006	0	IG0	Rajapaksha Mudiyanselage Renuka Rajapaksha
LK-82	LG-82002	0	SJB	Dissanayaka Mudiyanselage Gunathilaka
LK-82	LG-82002	8	IG0	Dissanayaka Mudiyanselage Gunathilaka
LK-82	LG-82002	7	FPF	Dissanayaka Mudiyanselage Dharmadasa
LK-82	LG-82003	6	SJB	Dissanayaka Mudiyanselage Dharmadasa
LK-82	LG-82005	2	SLPP	Sandhya Anuruddhika Rathnayaka
LK-82	LG-82005	3	SLPP	Sandhya Anuruddhika Rathnayaka
LK-82	LG-82010	0	JJB	Ganegodage Pradeep kumara
LK-82	LG-82010	0	JJB	Ganegodage Pradeep kumara
LK-82	LG-82006	0	SJB	Herath Mudiyanselage Somawathi
LK-82	LG-82001	0	FSP	Herath Mudiyanselage Nandawathi
LK-82	LG-82002	11	SLPP	Dissanayaka Mudiyanselage Jayathilaka
LK-82	LG-82008	0	SLPP	Dissanayaka Mudiyanselage Gunarathna
LK-82	LG-82008	6	FSP	Dissanayaka Mudiyanselage Gunarathna
LK-82	LG-82002	0	IG0	Dissanayaka Mudiyanselage Jayasundara
LK-82	LG-82007	6	UNP	Dissanayaka Mudiyanselage Jayasundara
LK-82	LG-82001	2	NIF	Herath Mudiyanselage Gunarathna
LK-82	LG-82002	5	JJB	Herath Mudiyanselage Gunarathna
LK-82	LG-82006	6	SJB	Herath Mudiyanselage Gunarathna
LK-82	LG-82002	3	IG0	Dissanayaka Mudiyanselage Muthubanda
LK-82	LG-82004	0	JJB	Dissanayaka Mudiyanselage Muthubanda
LK-82	LG-82006	0	FPF	Herath Mudiyanselage Abeyrathna
LK-91	LG-91004	3	CWC(	Periyasami Sudarshan
LK-91	LG-91004	0	UNP	Lagamuwa Hendeniye Pushpa Rajapaksha
LK-91	LG-91006	0	JJB	Liyanage Chandrika Liyanage
LK-91	LG-91012	0	AJP	Niranjala Kumari Gamagedara
LK-91	LG-91012	0	AJP	Sewanu Nagaraja Suresh Kumar
LK-91	LG-91002	0	SJB	Wickramasinghe Mudiyanselage Indrani Wickramasinghe
LK-91	LG-91003	0	IG1	Arumugam Maheshwaran
LK-91	LG-91003	21	IG1	Arumugam Maheshwaran
LK-91	LG-91003	21	NLNP	Galabada Arachchige Srimal Suranga Somarathna
LK-91	LG-91003	21	SLPP	Galabada Arachchige Srimal Suranga Somarathna
LK-91	LG-91009	0	IG1	Subramaniyam Sivakumar
LK-91	LG-91009	21	IG1	Subramaniyam Sivakumar
LK-91	LG-91013	0	UNP	Subramaniam Sivakumar
LK-91	LG-91008	0	JJB	Herath Mudiyanselage Mallika Herath
LK-92	LG-92001	15	IG2	Rathnayaka Mudiyanselage Jayathissa
LK-92	LG-92009	5	UNP	Mahadurage Jayathissa
LK-92	LG-92006	0	UNP	Herath Mudiyanselage Sisira Kumara
LK-92	LG-92006	0	JJB	Rathnayaka Mudiyanselage Priyanka Kumari Rathnayaka
LK-92	LG-92006	0	JJB	Rathnayaka Mudiyanselage Priyanka Kumari Rathnayaka
LK-92	LG-92009	0	SLFP	Subramaniam Sivakumar
LK-92	LG-92008	0	JJB	Herath Mudiyanselage Mallika Herath
LK-92	LG-92008	13	UNP	Rathnayaka Mudiyanselage Priyantha Rathnayaka
