district_id	district_name	lg_id	lg_name	ward_num	ward_name
LK-11	Colombo	LG-11001	Colombo MC	1	
LK-11	Colombo	LG-11001	Colombo MC	3	
LK-11	Colombo	LG-11001	Colombo MC	10	
LK-11	Colombo	LG-11001	Colombo MC	11	
LK-11	Colombo	LG-11001	Colombo MC	14	
LK-11	Colombo	LG-11001	Colombo MC	15	
LK-11	Colombo	LG-11001	Colombo MC	16	
LK-11	Colombo	LG-11001	Colombo MC	17	
LK-11	Colombo	LG-11001	Colombo MC	18	
LK-11	Colombo	LG-11001	Colombo MC	19	
LK-11	Colombo	LG-11001	Colombo MC	20	
LK-11	Colombo	LG-11001	Colombo MC	21	
LK-11	Colombo	LG-11001	Colombo MC	22	
LK-11	Colombo	LG-11001	Colombo MC	23	
LK-11	Colombo	LG-11001	Colombo MC	24	
LK-11	Colombo	LG-11001	Colombo MC	26	
LK-11	Colombo	LG-11001	Colombo MC	34	
LK-11	Colombo	LG-11001	Colombo MC	35	
LK-11	Colombo	LG-11001	Colombo MC	41	
LK-11	Colombo	LG-11001	Colombo MC	46	
LK-11	Colombo	LG-11001	Colombo MC	47	
LK-11	Colombo	LG-11010	Dehiwala Mt.Lavinia MC	1	
LK-11	Colombo	LG-11010	Dehiwala Mt.Lavinia MC	2	
LK-11	Colombo	LG-11010	Dehiwala Mt.Lavinia MC	3	
LK-11	Colombo	LG-11010	Dehiwala Mt.Lavinia MC	4	
LK-11	Colombo	LG-11010	Dehiwala Mt.Lavinia MC	5	
LK-11	Colombo	LG-11010	Dehiwala Mt.Lavinia MC	6	
LK-11	Colombo	LG-11010	Dehiwala Mt.Lavinia MC	7	
LK-11	Colombo	LG-11010	Dehiwala Mt.Lavinia MC	8	
LK-11	Colombo	LG-11010	Dehiwala Mt.Lavinia MC	9	
LK-11	Colombo	LG-11010	Dehiwala Mt.Lavinia MC	10	
LK-11	Colombo	LG-11010	Dehiwala Mt.Lavinia MC	14	
LK-11	Colombo	LG-11010	Dehiwala Mt.Lavinia MC	25	
LK-11	Colombo	LG-11010	Dehiwala Mt.Lavinia MC	26	
LK-11	Colombo	LG-11010	Dehiwala Mt.Lavinia MC	27	
LK-12	Gampaha	LG-12001	Negombo MC	1	
LK-12	Gampaha	LG-12001	Negombo MC	2	
LK-12	Gampaha	LG-12001	Negombo MC	3	
LK-12	Gampaha	LG-12001	Negombo MC	4	
LK-12	Gampaha	LG-12001	Negombo MC	5	
LK-12	Gampaha	LG-12001	Negombo MC	6	
LK-12	Gampaha	LG-12001	Negombo MC	7	
LK-12	Gampaha	LG-12001	Negombo MC	8	
LK-12	Gampaha	LG-12001	Negombo MC	9	
LK-12	Gampaha	LG-12001	Negombo MC	10	
LK-12	Gampaha	LG-12001	Negombo MC	11	
LK-12	Gampaha	LG-12001	Negombo MC	12	
LK-12	Gampaha	LG-12001	Negombo MC	13	
LK-12	Gampaha	LG-12001	Negombo MC	14	
LK-12	Gampaha	LG-12001	Negombo MC	15	
LK-12	Gampaha	LG-12001	Negombo MC	16	
LK-12	Gampaha	LG-12001	Negombo MC	17	
LK-12	Gampaha	LG-12001	Negombo MC	18	
LK-12	Gampaha	LG-12001	Negombo MC	19	
LK-12	Gampaha	LG-12001	Negombo MC	20	
LK-12	Gampaha	LG-12001	Negombo MC	21	
LK-12	Gampaha	LG-12001	Negombo MC	22	
LK-12	Gampaha	LG-12001	Negombo MC	23	
LK-12	Gampaha	LG-12001	Negombo MC	24	
LK-12	Gampaha	LG-12001	Negombo MC	25	
LK-12	Gampaha	LG-12001	Negombo MC	26	
LK-12	Gampaha	LG-12001	Negombo MC	27	
LK-12	Gampaha	LG-12001	Negombo MC	28	
LK-12	Gampaha	LG-12001	Negombo MC	29	
LK-12	Gampaha	LG-12002	Katana PS	1	
LK-12	Gampaha	LG-12002	Katana PS	2	
LK-12	Gampaha	LG-12002	Katana PS	3	
LK-12	Gampaha	LG-12002	Katana PS	4	
LK-12	Gampaha	LG-12002	Katana PS	5	
LK-12	Gampaha	LG-12002	Katana PS	6	
LK-12	Gampaha	LG-12002	Katana PS	7	
LK-12	Gampaha	LG-12002	Katana PS	8	
LK-12	Gampaha	LG-12002	Katana PS	9	
LK-12	Gampaha	LG-12002	Katana PS	10	
LK-12	Gampaha	LG-12002	Katana PS	11	
LK-12	Gampaha	LG-12002	Katana PS	12	
LK-12	Gampaha	LG-12002	Katana PS	13	
LK-12	Gampaha	LG-12002	Katana PS	14	
LK-12	Gampaha	LG-12002	Katana PS	15	
LK-12	Gampaha	LG-12002	Katana PS	16	
LK-12	Gampaha	LG-12002	Katana PS	17	
LK-12	Gampaha	LG-12002	Katana PS	18	
LK-12	Gampaha	LG-12002	Katana PS	19	
LK-12	Gampaha	LG-12002	Katana PS	20	
LK-12	Gampaha	LG-12002	Katana PS	21	
LK-12	Gampaha	LG-12002	Katana PS	22	
LK-12	Gampaha	LG-12002	Katana PS	23	
LK-12	Gampaha	LG-12002	Katana PS	24	
LK-12	Gampaha	LG-12003	Katunayaka-Seeduwa UC	1	
LK-12	Gampaha	LG-12003	Katunayaka-Seeduwa UC	2	
LK-12	Gampaha	LG-12003	Katunayaka-Seeduwa UC	3	
LK-12	Gampaha	LG-12003	Katunayaka-Seeduwa UC	5	
LK-12	Gampaha	LG-12003	Katunayaka-Seeduwa UC	7	
LK-12	Gampaha	LG-12004	Divulapitiya PS	14	
LK-12	Gampaha	LG-12004	Divulapitiya PS	16	
LK-12	Gampaha	LG-12004	Divulapitiya PS	18	
LK-12	Gampaha	LG-12004	Divulapitiya PS	19	
LK-12	Gampaha	LG-12004	Divulapitiya PS	20	
LK-12	Gampaha	LG-12004	Divulapitiya PS	21	
LK-12	Gampaha	LG-12004	Divulapitiya PS	22	
LK-12	Gampaha	LG-12004	Divulapitiya PS	23	
LK-12	Gampaha	LG-12004	Divulapitiya PS	24	
LK-12	Gampaha	LG-12004	Divulapitiya PS	25	
LK-12	Gampaha	LG-12004	Divulapitiya PS	26	
LK-12	Gampaha	LG-12005	Mirigama PS	1	
LK-12	Gampaha	LG-12005	Mirigama PS	2	
LK-12	Gampaha	LG-12005	Mirigama PS	3	
LK-12	Gampaha	LG-12005	Mirigama PS	4	
LK-12	Gampaha	LG-12005	Mirigama PS	5	
LK-12	Gampaha	LG-12005	Mirigama PS	6	
LK-12	Gampaha	LG-12005	Mirigama PS	7	
LK-12	Gampaha	LG-12005	Mirigama PS	8	
LK-12	Gampaha	LG-12005	Mirigama PS	9	
LK-12	Gampaha	LG-12005	Mirigama PS	10	
LK-12	Gampaha	LG-12005	Mirigama PS	11	
LK-12	Gampaha	LG-12005	Mirigama PS	12	
LK-12	Gampaha	LG-12005	Mirigama PS	13	
LK-12	Gampaha	LG-12005	Mirigama PS	14	
LK-12	Gampaha	LG-12005	Mirigama PS	15	
LK-12	Gampaha	LG-12005	Mirigama PS	16	
LK-12	Gampaha	LG-12005	Mirigama PS	17	
LK-12	Gampaha	LG-12005	Mirigama PS	18	
LK-12	Gampaha	LG-12005	Mirigama PS	19	
LK-12	Gampaha	LG-12005	Mirigama PS	20	
LK-12	Gampaha	LG-12005	Mirigama PS	21	
LK-12	Gampaha	LG-12005	Mirigama PS	22	
LK-12	Gampaha	LG-12005	Mirigama PS	23	
LK-12	Gampaha	LG-12005	Mirigama PS	24	
LK-12	Gampaha	LG-12005	Mirigama PS	25	
LK-12	Gampaha	LG-12005	Mirigama PS	26	
LK-12	Gampaha	LG-12005	Mirigama PS	27	
LK-12	Gampaha	LG-12005	Mirigama PS	28	
LK-12	Gampaha	LG-12005	Mirigama PS	29	
LK-12	Gampaha	LG-12006	Minuwangoda PS	1	
LK-12	Gampaha	LG-12006	Minuwangoda PS	2	
LK-12	Gampaha	LG-12006	Minuwangoda PS	3	
LK-12	Gampaha	LG-12006	Minuwangoda PS	4	
LK-12	Gampaha	LG-12006	Minuwangoda PS	5	
LK-12	Gampaha	LG-12006	Minuwangoda PS	6	
LK-12	Gampaha	LG-12006	Minuwangoda PS	7	
LK-12	Gampaha	LG-12006	Minuwangoda PS	8	
LK-12	Gampaha	LG-12006	Minuwangoda PS	9	
LK-12	Gampaha	LG-12006	Minuwangoda PS	10	
LK-12	Gampaha	LG-12006	Minuwangoda PS	11	
LK-12	Gampaha	LG-12006	Minuwangoda PS	12	
LK-12	Gampaha	LG-12006	Minuwangoda PS	13	
LK-12	Gampaha	LG-12006	Minuwangoda PS	14	
LK-12	Gampaha	LG-12006	Minuwangoda PS	15	
LK-12	Gampaha	LG-12006	Minuwangoda PS	16	
LK-12	Gampaha	LG-12006	Minuwangoda PS	17	
LK-12	Gampaha	LG-12006	Minuwangoda PS	18	
LK-12	Gampaha	LG-12006	Minuwangoda PS	19	
LK-12	Gampaha	LG-12006	Minuwangoda PS	20	
LK-12	Gampaha	LG-12006	Minuwangoda PS	21	
LK-12	Gampaha	LG-12006	Minuwangoda PS	22	
LK-12	Gampaha	LG-12006	Minuwangoda PS	23	
LK-12	Gampaha	LG-12006	Minuwangoda PS	24	
LK-12	Gampaha	LG-12006	Minuwangoda PS	25	
LK-12	Gampaha	LG-12006	Minuwangoda PS	26	
LK-12	Gampaha	LG-12006	Minuwangoda PS	27	
LK-12	Gampaha	LG-12006	Minuwangoda PS	28	
LK-12	Gampaha	LG-12008	Wattala PS	1	
LK-12	Gampaha	LG-12008	Wattala PS	2	
LK-12	Gampaha	LG-12008	Wattala PS	3	
LK-12	Gampaha	LG-12008	Wattala PS	4	
LK-12	Gampaha	LG-12008	Wattala PS	5	
LK-12	Gampaha	LG-12008	Wattala PS	6	
LK-12	Gampaha	LG-12008	Wattala PS	7	
LK-12	Gampaha	LG-12008	Wattala PS	8	
LK-12	Gampaha	LG-12008	Wattala PS	9	
LK-12	Gampaha	LG-12008	Wattala PS	10	
LK-12	Gampaha	LG-12008	Wattala PS	11	
LK-12	Gampaha	LG-12008	Wattala PS	12	
LK-12	Gampaha	LG-12008	Wattala PS	13	
LK-12	Gampaha	LG-12008	Wattala PS	14	
LK-12	Gampaha	LG-12008	Wattala PS	15	
LK-12	Gampaha	LG-12008	Wattala PS	16	
LK-12	Gampaha	LG-12008	Wattala PS	17	
LK-12	Gampaha	LG-12008	Wattala PS	18	
LK-12	Gampaha	LG-12008	Wattala PS	19	
LK-12	Gampaha	LG-12008	Wattala PS	20	
LK-12	Gampaha	LG-12008	Wattala PS	21	
LK-12	Gampaha	LG-12009	Wattala-Mabola UC	3	
LK-12	Gampaha	LG-12009	Wattala-Mabola UC	4	
LK-12	Gampaha	LG-12009	Wattala-Mabola UC	5	
LK-12	Gampaha	LG-12009	Wattala-Mabola UC	6	
LK-12	Gampaha	LG-12010	Ja-Ela PS	1	
LK-12	Gampaha	LG-12010	Ja-Ela PS	2	
LK-12	Gampaha	LG-12010	Ja-Ela PS	3	
LK-12	Gampaha	LG-12010	Ja-Ela PS	4	
LK-12	Gampaha	LG-12010	Ja-Ela PS	7	
LK-12	Gampaha	LG-12010	Ja-Ela PS	9	
LK-12	Gampaha	LG-12010	Ja-Ela PS	10	
LK-12	Gampaha	LG-12010	Ja-Ela PS	15	
LK-12	Gampaha	LG-12010	Ja-Ela PS	16	
LK-12	Gampaha	LG-12010	Ja-Ela PS	17	
LK-12	Gampaha	LG-12010	Ja-Ela PS	19	
LK-12	Gampaha	LG-12010	Ja-Ela PS	20	
LK-12	Gampaha	LG-12010	Ja-Ela PS	22	
LK-12	Gampaha	LG-12010	Ja-Ela PS	23	
LK-12	Gampaha	LG-12010	Ja-Ela PS	24	
LK-12	Gampaha	LG-12010	Ja-Ela PS	25	
LK-12	Gampaha	LG-12011	Ja-Ela UC	3	
LK-12	Gampaha	LG-12011	Ja-Ela UC	4	
LK-12	Gampaha	LG-12011	Ja-Ela UC	6	
LK-12	Gampaha	LG-12011	Ja-Ela UC	7	
LK-12	Gampaha	LG-12011	Ja-Ela UC	8	
LK-12	Gampaha	LG-12011	Ja-Ela UC	9	
LK-12	Gampaha	LG-12012	Gampaha PS	1	
LK-12	Gampaha	LG-12012	Gampaha PS	2	
LK-12	Gampaha	LG-12012	Gampaha PS	3	
LK-12	Gampaha	LG-12012	Gampaha PS	4	
LK-12	Gampaha	LG-12012	Gampaha PS	5	
LK-12	Gampaha	LG-12012	Gampaha PS	6	
LK-12	Gampaha	LG-12012	Gampaha PS	7	
LK-12	Gampaha	LG-12012	Gampaha PS	8	
LK-12	Gampaha	LG-12012	Gampaha PS	9	
LK-12	Gampaha	LG-12012	Gampaha PS	10	
LK-12	Gampaha	LG-12012	Gampaha PS	11	
LK-12	Gampaha	LG-12012	Gampaha PS	12	
LK-12	Gampaha	LG-12012	Gampaha PS	13	
LK-12	Gampaha	LG-12012	Gampaha PS	14	
LK-12	Gampaha	LG-12012	Gampaha PS	15	
LK-12	Gampaha	LG-12012	Gampaha PS	16	
LK-12	Gampaha	LG-12012	Gampaha PS	17	
LK-12	Gampaha	LG-12012	Gampaha PS	18	
LK-12	Gampaha	LG-12012	Gampaha PS	19	
LK-12	Gampaha	LG-12012	Gampaha PS	20	
LK-12	Gampaha	LG-12012	Gampaha PS	21	
LK-12	Gampaha	LG-12012	Gampaha PS	22	
LK-12	Gampaha	LG-12013	Gampaha MC	1	
LK-12	Gampaha	LG-12013	Gampaha MC	2	
LK-12	Gampaha	LG-12013	Gampaha MC	3	
LK-12	Gampaha	LG-12013	Gampaha MC	4	
LK-12	Gampaha	LG-12013	Gampaha MC	5	
LK-12	Gampaha	LG-12013	Gampaha MC	6	
LK-12	Gampaha	LG-12013	Gampaha MC	7	
LK-12	Gampaha	LG-12013	Gampaha MC	8	
LK-12	Gampaha	LG-12013	Gampaha MC	9	
LK-12	Gampaha	LG-12013	Gampaha MC	10	
LK-12	Gampaha	LG-12013	Gampaha MC	11	
LK-12	Gampaha	LG-12013	Gampaha MC	12	
LK-12	Gampaha	LG-12013	Gampaha MC	13	
LK-12	Gampaha	LG-12013	Gampaha MC	14	
LK-12	Gampaha	LG-12013	Gampaha MC	15	
LK-12	Gampaha	LG-12013	Gampaha MC	16	
LK-12	Gampaha	LG-12013	Gampaha MC	17	
LK-12	Gampaha	LG-12014	Attanagalla PS	1	
LK-12	Gampaha	LG-12014	Attanagalla PS	2	
LK-12	Gampaha	LG-12014	Attanagalla PS	3	
LK-12	Gampaha	LG-12014	Attanagalla PS	4	
LK-12	Gampaha	LG-12014	Attanagalla PS	5	
LK-12	Gampaha	LG-12014	Attanagalla PS	6	
LK-12	Gampaha	LG-12014	Attanagalla PS	7	
LK-12	Gampaha	LG-12014	Attanagalla PS	8	
LK-12	Gampaha	LG-12014	Attanagalla PS	9	
LK-12	Gampaha	LG-12014	Attanagalla PS	10	
LK-12	Gampaha	LG-12014	Attanagalla PS	11	
LK-12	Gampaha	LG-12014	Attanagalla PS	12	
LK-12	Gampaha	LG-12014	Attanagalla PS	13	
LK-12	Gampaha	LG-12014	Attanagalla PS	14	
LK-12	Gampaha	LG-12014	Attanagalla PS	15	
LK-12	Gampaha	LG-12014	Attanagalla PS	16	
LK-12	Gampaha	LG-12014	Attanagalla PS	17	
LK-12	Gampaha	LG-12014	Attanagalla PS	18	
LK-12	Gampaha	LG-12014	Attanagalla PS	19	
LK-12	Gampaha	LG-12014	Attanagalla PS	20	
LK-12	Gampaha	LG-12014	Attanagalla PS	21	
LK-12	Gampaha	LG-12014	Attanagalla PS	22	
LK-12	Gampaha	LG-12014	Attanagalla PS	23	
LK-12	Gampaha	LG-12014	Attanagalla PS	24	
LK-12	Gampaha	LG-12014	Attanagalla PS	25	
LK-12	Gampaha	LG-12015	Dompe PS	1	
LK-12	Gampaha	LG-12015	Dompe PS	2	
LK-12	Gampaha	LG-12015	Dompe PS	3	
LK-12	Gampaha	LG-12015	Dompe PS	4	
LK-12	Gampaha	LG-12015	Dompe PS	5	
LK-12	Gampaha	LG-12015	Dompe PS	6	
LK-12	Gampaha	LG-12015	Dompe PS	7	
LK-12	Gampaha	LG-12015	Dompe PS	8	
LK-12	Gampaha	LG-12015	Dompe PS	9	
LK-12	Gampaha	LG-12015	Dompe PS	10	
LK-12	Gampaha	LG-12015	Dompe PS	11	
LK-12	Gampaha	LG-12015	Dompe PS	12	
LK-12	Gampaha	LG-12015	Dompe PS	13	
LK-12	Gampaha	LG-12015	Dompe PS	14	
LK-12	Gampaha	LG-12015	Dompe PS	15	
LK-12	Gampaha	LG-12015	Dompe PS	16	
LK-12	Gampaha	LG-12015	Dompe PS	17	
LK-12	Gampaha	LG-12015	Dompe PS	18	
LK-12	Gampaha	LG-12015	Dompe PS	19	
LK-12	Gampaha	LG-12015	Dompe PS	20	
LK-12	Gampaha	LG-12015	Dompe PS	21	
LK-12	Gampaha	LG-12015	Dompe PS	22	
LK-12	Gampaha	LG-12015	Dompe PS	23	
LK-12	Gampaha	LG-12015	Dompe PS	24	
LK-12	Gampaha	LG-12015	Dompe PS	25	
LK-12	Gampaha	LG-12016	Mahara PS	1	
LK-12	Gampaha	LG-12016	Mahara PS	2	
LK-12	Gampaha	LG-12016	Mahara PS	3	
LK-12	Gampaha	LG-12016	Mahara PS	4	
LK-12	Gampaha	LG-12016	Mahara PS	5	
LK-12	Gampaha	LG-12016	Mahara PS	6	
LK-12	Gampaha	LG-12016	Mahara PS	7	
LK-12	Gampaha	LG-12016	Mahara PS	8	
LK-12	Gampaha	LG-12016	Mahara PS	9	
LK-12	Gampaha	LG-12016	Mahara PS	10	
LK-12	Gampaha	LG-12016	Mahara PS	11	
LK-12	Gampaha	LG-12016	Mahara PS	12	
LK-12	Gampaha	LG-12016	Mahara PS	13	
LK-12	Gampaha	LG-12016	Mahara PS	14	
LK-12	Gampaha	LG-12016	Mahara PS	15	
LK-12	Gampaha	LG-12016	Mahara PS	16	
LK-12	Gampaha	LG-12016	Mahara PS	17	
LK-12	Gampaha	LG-12016	Mahara PS	18	
LK-12	Gampaha	LG-12016	Mahara PS	19	
LK-12	Gampaha	LG-12016	Mahara PS	20	
LK-12	Gampaha	LG-12016	Mahara PS	21	
LK-12	Gampaha	LG-12016	Mahara PS	22	
LK-12	Gampaha	LG-12016	Mahara PS	23	
LK-12	Gampaha	LG-12016	Mahara PS	24	
LK-12	Gampaha	LG-12016	Mahara PS	25	
LK-12	Gampaha	LG-12016	Mahara PS	26	
LK-12	Gampaha	LG-12016	Mahara PS	27	
LK-12	Gampaha	LG-12016	Mahara PS	28	
LK-12	Gampaha	LG-12016	Mahara PS	29	
LK-12	Gampaha	LG-12016	Mahara PS	30	
LK-12	Gampaha	LG-12016	Mahara PS	31	
LK-12	Gampaha	LG-12016	Mahara PS	32	
LK-12	Gampaha	LG-12019	Biyagama PS	1	
LK-12	Gampaha	LG-12019	Biyagama PS	2	
LK-12	Gampaha	LG-12019	Biyagama PS	3	
LK-12	Gampaha	LG-12019	Biyagama PS	4	
LK-12	Gampaha	LG-12019	Biyagama PS	5	
LK-12	Gampaha	LG-12019	Biyagama PS	6	
LK-12	Gampaha	LG-12019	Biyagama PS	7	
LK-12	Gampaha	LG-12019	Biyagama PS	8	
LK-12	Gampaha	LG-12019	Biyagama PS	9	
LK-12	Gampaha	LG-12019	Biyagama PS	10	
LK-12	Gampaha	LG-12019	Biyagama PS	11	
LK-12	Gampaha	LG-12019	Biyagama PS	12	
LK-12	Gampaha	LG-12019	Biyagama PS	13	
LK-12	Gampaha	LG-12019	Biyagama PS	14	
LK-12	Gampaha	LG-12019	Biyagama PS	15	
LK-12	Gampaha	LG-12019	Biyagama PS	16	
LK-12	Gampaha	LG-12019	Biyagama PS	17	
LK-12	Gampaha	LG-12019	Biyagama PS	18	
LK-12	Gampaha	LG-12019	Biyagama PS	19	
LK-12	Gampaha	LG-12019	Biyagama PS	20	
LK-12	Gampaha	LG-12019	Biyagama PS	21	
LK-12	Gampaha	LG-12019	Biyagama PS	22	
LK-12	Gampaha	LG-12019	Biyagama PS	23	
LK-12	Gampaha	LG-12019	Biyagama PS	24	
LK-12	Gampaha	LG-12019	Biyagama PS	25	
LK-12	Gampaha	LG-12019	Biyagama PS	26	
LK-12	Gampaha	LG-12019	Biyagama PS	27	
LK-12	Gampaha	LG-12019	Biyagama PS	28	
LK-12	Gampaha	LG-12019	Biyagama PS	29	
LK-12	Gampaha	LG-12019	Biyagama PS	30	
LK-12	Gampaha	LG-12019	Biyagama PS	31	
LK-12	Gampaha	LG-12019	Biyagama PS	32	
LK-13	Kalutara	LG-13001	Panadura PS	1	
LK-13	Kalutara	LG-13001	Panadura PS	2	
LK-13	Kalutara	LG-13001	Panadura PS	3	
LK-13	Kalutara	LG-13001	Panadura PS	4	
LK-13	Kalutara	LG-13001	Panadura PS	5	
LK-13	Kalutara	LG-13001	Panadura PS	6	
LK-13	Kalutara	LG-13001	Panadura PS	7	
LK-13	Kalutara	LG-13001	Panadura PS	8	
LK-13	Kalutara	LG-13001	Panadura PS	9	
LK-13	Kalutara	LG-13001	Panadura PS	10	
LK-13	Kalutara	LG-13001	Panadura PS	11	
LK-13	Kalutara	LG-13001	Panadura PS	12	
LK-13	Kalutara	LG-13001	Panadura PS	13	
LK-13	Kalutara	LG-13001	Panadura PS	14	
LK-13	Kalutara	LG-13001	Panadura PS	15	
LK-13	Kalutara	LG-13001	Panadura PS	16	
LK-13	Kalutara	LG-13001	Panadura PS	17	
LK-13	Kalutara	LG-13001	Panadura PS	18	
LK-13	Kalutara	LG-13001	Panadura PS	19	
LK-13	Kalutara	LG-13001	Panadura PS	20	
LK-13	Kalutara	LG-13001	Panadura PS	21	
LK-13	Kalutara	LG-13001	Panadura PS	22	
LK-13	Kalutara	LG-13001	Panadura PS	23	
LK-13	Kalutara	LG-13001	Panadura PS	24	
LK-13	Kalutara	LG-13001	Panadura PS	25	
LK-13	Kalutara	LG-13001	Panadura PS	26	
LK-13	Kalutara	LG-13002	Panadura UC	1	
LK-13	Kalutara	LG-13002	Panadura UC	2	
LK-13	Kalutara	LG-13002	Panadura UC	3	
LK-13	Kalutara	LG-13002	Panadura UC	4	
LK-13	Kalutara	LG-13002	Panadura UC	5	
LK-13	Kalutara	LG-13002	Panadura UC	6	
LK-13	Kalutara	LG-13002	Panadura UC	7	
LK-13	Kalutara	LG-13002	Panadura UC	8	
LK-13	Kalutara	LG-13002	Panadura UC	9	
LK-13	Kalutara	LG-13002	Panadura UC	10	
LK-13	Kalutara	LG-13003	Bandaragama PS	1	
LK-13	Kalutara	LG-13003	Bandaragama PS	2	
LK-13	Kalutara	LG-13003	Bandaragama PS	3	
LK-13	Kalutara	LG-13003	Bandaragama PS	4	
LK-13	Kalutara	LG-13003	Bandaragama PS	5	
LK-13	Kalutara	LG-13003	Bandaragama PS	6	
LK-13	Kalutara	LG-13003	Bandaragama PS	7	
LK-13	Kalutara	LG-13003	Bandaragama PS	8	
LK-13	Kalutara	LG-13003	Bandaragama PS	9	
LK-13	Kalutara	LG-13003	Bandaragama PS	10	
LK-13	Kalutara	LG-13003	Bandaragama PS	11	
LK-13	Kalutara	LG-13003	Bandaragama PS	12	
LK-13	Kalutara	LG-13003	Bandaragama PS	13	
LK-13	Kalutara	LG-13003	Bandaragama PS	14	
LK-13	Kalutara	LG-13003	Bandaragama PS	15	
LK-13	Kalutara	LG-13003	Bandaragama PS	16	
LK-13	Kalutara	LG-13003	Bandaragama PS	17	
LK-13	Kalutara	LG-13003	Bandaragama PS	18	
LK-13	Kalutara	LG-13003	Bandaragama PS	19	
LK-13	Kalutara	LG-13003	Bandaragama PS	20	
LK-13	Kalutara	LG-13004	Horana PS	1	
LK-13	Kalutara	LG-13004	Horana PS	2	
LK-13	Kalutara	LG-13004	Horana PS	3	
LK-13	Kalutara	LG-13004	Horana PS	4	
LK-13	Kalutara	LG-13004	Horana PS	5	
LK-13	Kalutara	LG-13004	Horana PS	6	
LK-13	Kalutara	LG-13004	Horana PS	7	
LK-13	Kalutara	LG-13004	Horana PS	8	
LK-13	Kalutara	LG-13004	Horana PS	9	
LK-13	Kalutara	LG-13004	Horana PS	10	
LK-13	Kalutara	LG-13004	Horana PS	11	
LK-13	Kalutara	LG-13004	Horana PS	12	
LK-13	Kalutara	LG-13004	Horana PS	13	
LK-13	Kalutara	LG-13004	Horana PS	14	
LK-13	Kalutara	LG-13004	Horana PS	15	
LK-13	Kalutara	LG-13004	Horana PS	16	
LK-13	Kalutara	LG-13004	Horana PS	17	
LK-13	Kalutara	LG-13004	Horana PS	18	
LK-13	Kalutara	LG-13004	Horana PS	19	
LK-13	Kalutara	LG-13004	Horana PS	20	
LK-13	Kalutara	LG-13004	Horana PS	21	
LK-13	Kalutara	LG-13004	Horana PS	22	
LK-13	Kalutara	LG-13004	Horana PS	23	
LK-13	Kalutara	LG-13004	Horana PS	24	
LK-13	Kalutara	LG-13004	Horana PS	25	
LK-13	Kalutara	LG-13004	Horana PS	26	
LK-13	Kalutara	LG-13004	Horana PS	27	
LK-13	Kalutara	LG-13004	Horana PS	28	
LK-13	Kalutara	LG-13004	Horana PS	29	
LK-13	Kalutara	LG-13005	Horana UC	1	
LK-13	Kalutara	LG-13005	Horana UC	2	
LK-13	Kalutara	LG-13005	Horana UC	3	
LK-13	Kalutara	LG-13005	Horana UC	4	
LK-13	Kalutara	LG-13005	Horana UC	5	
LK-13	Kalutara	LG-13005	Horana UC	6	
LK-13	Kalutara	LG-13005	Horana UC	7	
LK-13	Kalutara	LG-13006	Bulathsinhala PS	1	
LK-13	Kalutara	LG-13006	Bulathsinhala PS	2	
LK-13	Kalutara	LG-13006	Bulathsinhala PS	3	
LK-13	Kalutara	LG-13006	Bulathsinhala PS	4	
LK-13	Kalutara	LG-13006	Bulathsinhala PS	5	
LK-13	Kalutara	LG-13006	Bulathsinhala PS	6	
LK-13	Kalutara	LG-13006	Bulathsinhala PS	7	
LK-13	Kalutara	LG-13006	Bulathsinhala PS	8	
LK-13	Kalutara	LG-13006	Bulathsinhala PS	9	
LK-13	Kalutara	LG-13006	Bulathsinhala PS	10	
LK-13	Kalutara	LG-13006	Bulathsinhala PS	11	
LK-13	Kalutara	LG-13006	Bulathsinhala PS	12	
LK-13	Kalutara	LG-13006	Bulathsinhala PS	13	
LK-13	Kalutara	LG-13006	Bulathsinhala PS	14	
LK-13	Kalutara	LG-13007	Madurawala PS	1	
LK-13	Kalutara	LG-13007	Madurawala PS	2	
LK-13	Kalutara	LG-13007	Madurawala PS	3	
LK-13	Kalutara	LG-13007	Madurawala PS	4	
LK-13	Kalutara	LG-13007	Madurawala PS	5	
LK-13	Kalutara	LG-13007	Madurawala PS	6	
LK-13	Kalutara	LG-13007	Madurawala PS	7	
LK-13	Kalutara	LG-13007	Madurawala PS	8	
LK-13	Kalutara	LG-13007	Madurawala PS	9	
LK-13	Kalutara	LG-13008	Millaniya PS	1	
LK-13	Kalutara	LG-13008	Millaniya PS	2	
LK-13	Kalutara	LG-13008	Millaniya PS	3	
LK-13	Kalutara	LG-13008	Millaniya PS	4	
LK-13	Kalutara	LG-13008	Millaniya PS	5	
LK-13	Kalutara	LG-13008	Millaniya PS	6	
LK-13	Kalutara	LG-13008	Millaniya PS	7	
LK-13	Kalutara	LG-13008	Millaniya PS	8	
LK-13	Kalutara	LG-13008	Millaniya PS	9	
LK-13	Kalutara	LG-13008	Millaniya PS	10	
LK-13	Kalutara	LG-13008	Millaniya PS	11	
LK-13	Kalutara	LG-13008	Millaniya PS	12	
LK-13	Kalutara	LG-13009	Kalutara PS	1	
LK-13	Kalutara	LG-13009	Kalutara PS	2	
LK-13	Kalutara	LG-13009	Kalutara PS	3	
LK-13	Kalutara	LG-13009	Kalutara PS	4	
LK-13	Kalutara	LG-13009	Kalutara PS	5	
LK-13	Kalutara	LG-13009	Kalutara PS	6	
LK-13	Kalutara	LG-13009	Kalutara PS	7	
LK-13	Kalutara	LG-13009	Kalutara PS	8	
LK-13	Kalutara	LG-13009	Kalutara PS	9	
LK-13	Kalutara	LG-13009	Kalutara PS	10	
LK-13	Kalutara	LG-13009	Kalutara PS	11	
LK-13	Kalutara	LG-13009	Kalutara PS	12	
LK-13	Kalutara	LG-13009	Kalutara PS	13	
LK-13	Kalutara	LG-13009	Kalutara PS	14	
LK-13	Kalutara	LG-13009	Kalutara PS	15	
LK-13	Kalutara	LG-13009	Kalutara PS	16	
LK-13	Kalutara	LG-13009	Kalutara PS	17	
LK-13	Kalutara	LG-13009	Kalutara PS	18	
LK-13	Kalutara	LG-13009	Kalutara PS	19	
LK-13	Kalutara	LG-13010	Kalutara UC	1	
LK-13	Kalutara	LG-13010	Kalutara UC	2	
LK-13	Kalutara	LG-13010	Kalutara UC	3	
LK-13	Kalutara	LG-13010	Kalutara UC	4	
LK-13	Kalutara	LG-13010	Kalutara UC	5	
LK-13	Kalutara	LG-13010	Kalutara UC	6	
LK-13	Kalutara	LG-13010	Kalutara UC	7	
LK-13	Kalutara	LG-13010	Kalutara UC	8	
LK-13	Kalutara	LG-13010	Kalutara UC	9	
LK-13	Kalutara	LG-13010	Kalutara UC	10	
LK-13	Kalutara	LG-13010	Kalutara UC	11	
LK-13	Kalutara	LG-13010	Kalutara UC	12	
LK-13	Kalutara	LG-13010	Kalutara UC	13	
LK-13	Kalutara	LG-13010	Kalutara UC	14	
LK-13	Kalutara	LG-13010	Kalutara UC	15	
LK-13	Kalutara	LG-13010	Kalutara UC	16	
LK-13	Kalutara	LG-13010	Kalutara UC	17	
LK-13	Kalutara	LG-13010	Kalutara UC	18	
LK-13	Kalutara	LG-13010	Kalutara UC	19	
LK-13	Kalutara	LG-13011	Beruwala PS	1	
LK-13	Kalutara	LG-13011	Beruwala PS	2	
LK-13	Kalutara	LG-13011	Beruwala PS	3	
LK-13	Kalutara	LG-13011	Beruwala PS	4	
LK-13	Kalutara	LG-13011	Beruwala PS	5	
LK-13	Kalutara	LG-13011	Beruwala PS	6	
LK-13	Kalutara	LG-13011	Beruwala PS	7	
LK-13	Kalutara	LG-13011	Beruwala PS	8	
LK-13	Kalutara	LG-13011	Beruwala PS	9	
LK-13	Kalutara	LG-13011	Beruwala PS	10	
LK-13	Kalutara	LG-13011	Beruwala PS	11	
LK-13	Kalutara	LG-13011	Beruwala PS	12	
LK-13	Kalutara	LG-13011	Beruwala PS	13	
LK-13	Kalutara	LG-13011	Beruwala PS	14	
LK-13	Kalutara	LG-13011	Beruwala PS	15	
LK-13	Kalutara	LG-13011	Beruwala PS	16	
LK-13	Kalutara	LG-13011	Beruwala PS	17	
LK-13	Kalutara	LG-13011	Beruwala PS	18	
LK-13	Kalutara	LG-13011	Beruwala PS	19	
LK-13	Kalutara	LG-13011	Beruwala PS	20	
LK-13	Kalutara	LG-13011	Beruwala PS	21	
LK-13	Kalutara	LG-13011	Beruwala PS	22	
LK-13	Kalutara	LG-13011	Beruwala PS	23	
LK-13	Kalutara	LG-13012	Beruwala UC	1	
LK-13	Kalutara	LG-13012	Beruwala UC	2	
LK-13	Kalutara	LG-13012	Beruwala UC	3	
LK-13	Kalutara	LG-13012	Beruwala UC	4	
LK-13	Kalutara	LG-13012	Beruwala UC	5	
LK-13	Kalutara	LG-13012	Beruwala UC	6	
LK-13	Kalutara	LG-13012	Beruwala UC	7	
LK-13	Kalutara	LG-13012	Beruwala UC	8	
LK-13	Kalutara	LG-13012	Beruwala UC	9	
LK-13	Kalutara	LG-13013	Dodangoda PS	2	
LK-13	Kalutara	LG-13013	Dodangoda PS	3	
LK-13	Kalutara	LG-13013	Dodangoda PS	4	
LK-13	Kalutara	LG-13013	Dodangoda PS	5	
LK-13	Kalutara	LG-13013	Dodangoda PS	6	
LK-13	Kalutara	LG-13013	Dodangoda PS	7	
LK-13	Kalutara	LG-13013	Dodangoda PS	8	
LK-13	Kalutara	LG-13013	Dodangoda PS	9	
LK-13	Kalutara	LG-13013	Dodangoda PS	10	
LK-13	Kalutara	LG-13013	Dodangoda PS	11	
LK-13	Kalutara	LG-13013	Dodangoda PS	12	
LK-13	Kalutara	LG-13013	Dodangoda PS	13	
LK-13	Kalutara	LG-13014	Matugama PS	1	
LK-13	Kalutara	LG-13014	Matugama PS	2	
LK-13	Kalutara	LG-13014	Matugama PS	3	
LK-13	Kalutara	LG-13014	Matugama PS	4	
LK-13	Kalutara	LG-13014	Matugama PS	5	
LK-13	Kalutara	LG-13014	Matugama PS	6	
LK-13	Kalutara	LG-13014	Matugama PS	7	
LK-13	Kalutara	LG-13014	Matugama PS	8	
LK-13	Kalutara	LG-13014	Matugama PS	9	
LK-13	Kalutara	LG-13014	Matugama PS	10	
LK-13	Kalutara	LG-13014	Matugama PS	11	
LK-13	Kalutara	LG-13014	Matugama PS	12	
LK-13	Kalutara	LG-13014	Matugama PS	13	
LK-13	Kalutara	LG-13014	Matugama PS	14	
LK-13	Kalutara	LG-13014	Matugama PS	15	
LK-13	Kalutara	LG-13014	Matugama PS	16	
LK-13	Kalutara	LG-13014	Matugama PS	17	
LK-13	Kalutara	LG-13014	Matugama PS	18	
LK-13	Kalutara	LG-13014	Matugama PS	19	
LK-13	Kalutara	LG-13015	Agalawatta PS	1	
LK-13	Kalutara	LG-13015	Agalawatta PS	2	
LK-13	Kalutara	LG-13015	Agalawatta PS	3	
LK-13	Kalutara	LG-13015	Agalawatta PS	4	
LK-13	Kalutara	LG-13015	Agalawatta PS	5	
LK-13	Kalutara	LG-13015	Agalawatta PS	6	
LK-13	Kalutara	LG-13015	Agalawatta PS	7	
LK-13	Kalutara	LG-13015	Agalawatta PS	8	
LK-13	Kalutara	LG-13015	Agalawatta PS	9	
LK-13	Kalutara	LG-13015	Agalawatta PS	10	
LK-13	Kalutara	LG-13015	Agalawatta PS	11	
LK-13	Kalutara	LG-13015	Agalawatta PS	12	
LK-13	Kalutara	LG-13016	Palindanuwara PS	1	
LK-13	Kalutara	LG-13016	Palindanuwara PS	2	
LK-13	Kalutara	LG-13016	Palindanuwara PS	3	
LK-13	Kalutara	LG-13016	Palindanuwara PS	4	
LK-13	Kalutara	LG-13016	Palindanuwara PS	5	
LK-13	Kalutara	LG-13016	Palindanuwara PS	6	
LK-13	Kalutara	LG-13016	Palindanuwara PS	7	
LK-13	Kalutara	LG-13016	Palindanuwara PS	8	
LK-13	Kalutara	LG-13016	Palindanuwara PS	9	
LK-13	Kalutara	LG-13016	Palindanuwara PS	10	
LK-13	Kalutara	LG-13016	Palindanuwara PS	11	
LK-13	Kalutara	LG-13016	Palindanuwara PS	12	
LK-13	Kalutara	LG-13016	Palindanuwara PS	13	
LK-13	Kalutara	LG-13017	Walallawita PS	1	
LK-13	Kalutara	LG-13017	Walallawita PS	2	
LK-13	Kalutara	LG-13017	Walallawita PS	3	
LK-13	Kalutara	LG-13017	Walallawita PS	4	
LK-13	Kalutara	LG-13017	Walallawita PS	5	
LK-13	Kalutara	LG-13017	Walallawita PS	6	
LK-13	Kalutara	LG-13017	Walallawita PS	7	
LK-13	Kalutara	LG-13017	Walallawita PS	8	
LK-13	Kalutara	LG-13017	Walallawita PS	9	
LK-13	Kalutara	LG-13017	Walallawita PS	10	
LK-13	Kalutara	LG-13017	Walallawita PS	11	
LK-13	Kalutara	LG-13017	Walallawita PS	12	
LK-13	Kalutara	LG-13017	Walallawita PS	13	
LK-13	Kalutara	LG-13017	Walallawita PS	14	
LK-31	Galle	LG-31011	Ambalangoda MC	1	
LK-31	Galle	LG-31011	Ambalangoda MC	2	
LK-31	Galle	LG-31011	Ambalangoda MC	3	
LK-31	Galle	LG-31011	Ambalangoda MC	4	
LK-31	Galle	LG-31011	Ambalangoda MC	5	
LK-31	Galle	LG-31011	Ambalangoda MC	6	
LK-31	Galle	LG-31011	Ambalangoda MC	7	
LK-31	Galle	LG-31011	Ambalangoda MC	8	
LK-31	Galle	LG-31011	Ambalangoda MC	9	
LK-31	Galle	LG-31011	Ambalangoda MC	10	
LK-31	Galle	LG-31011	Ambalangoda MC	11	
LK-31	Galle	LG-31011	Ambalangoda MC	12	
LK-31	Galle	LG-31012	Ambalangoda PS	1	
LK-31	Galle	LG-31012	Ambalangoda PS	2	
LK-31	Galle	LG-31012	Ambalangoda PS	3	
LK-31	Galle	LG-31012	Ambalangoda PS	4	
LK-31	Galle	LG-31012	Ambalangoda PS	5	
LK-31	Galle	LG-31012	Ambalangoda PS	6	
LK-31	Galle	LG-31012	Ambalangoda PS	7	
LK-31	Galle	LG-31012	Ambalangoda PS	10	
LK-31	Galle	LG-31012	Ambalangoda PS	11	
LK-31	Galle	LG-31012	Ambalangoda PS	12	
LK-31	Galle	LG-31014	Hikkaduwa UC	1	
LK-31	Galle	LG-31014	Hikkaduwa UC	2	
LK-31	Galle	LG-31014	Hikkaduwa UC	3	
LK-31	Galle	LG-31014	Hikkaduwa UC	4	
LK-31	Galle	LG-31014	Hikkaduwa UC	5	
LK-31	Galle	LG-31014	Hikkaduwa UC	6	
LK-31	Galle	LG-31014	Hikkaduwa UC	7	
LK-31	Galle	LG-31014	Hikkaduwa UC	8	
LK-31	Galle	LG-31014	Hikkaduwa UC	9	
LK-31	Galle	LG-31014	Hikkaduwa UC	10	
LK-31	Galle	LG-31016	Galle MC	8	
LK-31	Galle	LG-31016	Galle MC	12	
LK-31	Galle	LG-31016	Galle MC	13	
LK-31	Galle	LG-31018	Yakkalamulla PS	12	
LK-32	Matara	LG-32005	Athuraliya PS	2	
LK-32	Matara	LG-32005	Athuraliya PS	3	
LK-32	Matara	LG-32005	Athuraliya PS	4	
LK-32	Matara	LG-32005	Athuraliya PS	5	
LK-32	Matara	LG-32005	Athuraliya PS	6	
LK-32	Matara	LG-32005	Athuraliya PS	7	
LK-32	Matara	LG-32005	Athuraliya PS	8	
LK-32	Matara	LG-32005	Athuraliya PS	9	
LK-32	Matara	LG-32005	Athuraliya PS	10	
LK-32	Matara	LG-32006	Akuressa PS	2	
LK-32	Matara	LG-32006	Akuressa PS	3	
LK-32	Matara	LG-32006	Akuressa PS	4	
LK-32	Matara	LG-32006	Akuressa PS	5	
LK-32	Matara	LG-32006	Akuressa PS	6	
LK-32	Matara	LG-32006	Akuressa PS	7	
LK-32	Matara	LG-32006	Akuressa PS	8	
LK-32	Matara	LG-32006	Akuressa PS	9	
LK-32	Matara	LG-32006	Akuressa PS	10	
LK-32	Matara	LG-32006	Akuressa PS	11	
LK-32	Matara	LG-32006	Akuressa PS	12	
LK-32	Matara	LG-32006	Akuressa PS	13	
LK-32	Matara	LG-32006	Akuressa PS	14	
LK-61	Kurunegala	LG-61001	Giribawa PS	1	
LK-61	Kurunegala	LG-61001	Giribawa PS	2	
LK-61	Kurunegala	LG-61001	Giribawa PS	3	
LK-61	Kurunegala	LG-61001	Giribawa PS	4	
LK-61	Kurunegala	LG-61001	Giribawa PS	5	
LK-61	Kurunegala	LG-61001	Giribawa PS	6	
LK-61	Kurunegala	LG-61001	Giribawa PS	7	
LK-61	Kurunegala	LG-61001	Giribawa PS	8	
LK-61	Kurunegala	LG-61001	Giribawa PS	9	
LK-61	Kurunegala	LG-61001	Giribawa PS	10	
LK-61	Kurunegala	LG-61002	Galgamuwa PS	1	
LK-61	Kurunegala	LG-61002	Galgamuwa PS	2	
LK-61	Kurunegala	LG-61002	Galgamuwa PS	3	
LK-61	Kurunegala	LG-61002	Galgamuwa PS	4	
LK-61	Kurunegala	LG-61002	Galgamuwa PS	5	
LK-61	Kurunegala	LG-61002	Galgamuwa PS	6	
LK-61	Kurunegala	LG-61002	Galgamuwa PS	7	
LK-61	Kurunegala	LG-61002	Galgamuwa PS	8	
LK-61	Kurunegala	LG-61002	Galgamuwa PS	9	
LK-61	Kurunegala	LG-61002	Galgamuwa PS	10	
LK-61	Kurunegala	LG-61002	Galgamuwa PS	11	
LK-61	Kurunegala	LG-61002	Galgamuwa PS	12	
LK-61	Kurunegala	LG-61002	Galgamuwa PS	13	
LK-61	Kurunegala	LG-61002	Galgamuwa PS	14	
LK-61	Kurunegala	LG-61002	Galgamuwa PS	15	
LK-61	Kurunegala	LG-61002	Galgamuwa PS	16	
LK-61	Kurunegala	LG-61002	Galgamuwa PS	17	
LK-61	Kurunegala	LG-61002	Galgamuwa PS	18	
LK-61	Kurunegala	LG-61002	Galgamuwa PS	19	
LK-61	Kurunegala	LG-61003	Maho PS	1	
LK-61	Kurunegala	LG-61003	Maho PS	2	
LK-61	Kurunegala	LG-61003	Maho PS	3	
LK-61	Kurunegala	LG-61003	Maho PS	4	
LK-61	Kurunegala	LG-61003	Maho PS	5	
LK-61	Kurunegala	LG-61003	Maho PS	6	
LK-61	Kurunegala	LG-61003	Maho PS	7	
LK-61	Kurunegala	LG-61003	Maho PS	8	
LK-61	Kurunegala	LG-61003	Maho PS	9	
LK-61	Kurunegala	LG-61003	Maho PS	10	
LK-61	Kurunegala	LG-61003	Maho PS	11	
LK-61	Kurunegala	LG-61003	Maho PS	12	
LK-61	Kurunegala	LG-61003	Maho PS	13	
LK-61	Kurunegala	LG-61003	Maho PS	14	
LK-61	Kurunegala	LG-61003	Maho PS	15	
LK-61	Kurunegala	LG-61003	Maho PS	16	
LK-61	Kurunegala	LG-61003	Maho PS	17	
LK-61	Kurunegala	LG-61003	Maho PS	18	
LK-61	Kurunegala	LG-61003	Maho PS	19	
LK-61	Kurunegala	LG-61004	Nikaweratiya PS	1	
LK-61	Kurunegala	LG-61004	Nikaweratiya PS	2	
LK-61	Kurunegala	LG-61004	Nikaweratiya PS	3	
LK-61	Kurunegala	LG-61004	Nikaweratiya PS	4	
LK-61	Kurunegala	LG-61004	Nikaweratiya PS	5	
LK-61	Kurunegala	LG-61004	Nikaweratiya PS	6	
LK-61	Kurunegala	LG-61004	Nikaweratiya PS	7	
LK-61	Kurunegala	LG-61004	Nikaweratiya PS	8	
LK-61	Kurunegala	LG-61004	Nikaweratiya PS	9	
LK-61	Kurunegala	LG-61004	Nikaweratiya PS	10	
LK-61	Kurunegala	LG-61004	Nikaweratiya PS	11	
LK-61	Kurunegala	LG-61004	Nikaweratiya PS	12	
LK-61	Kurunegala	LG-61004	Nikaweratiya PS	13	
LK-61	Kurunegala	LG-61004	Nikaweratiya PS	14	
LK-61	Kurunegala	LG-61004	Nikaweratiya PS	15	
LK-61	Kurunegala	LG-61004	Nikaweratiya PS	16	
LK-61	Kurunegala	LG-61004	Nikaweratiya PS	17	
LK-61	Kurunegala	LG-61004	Nikaweratiya PS	18	
LK-61	Kurunegala	LG-61004	Nikaweratiya PS	19	
LK-61	Kurunegala	LG-61004	Nikaweratiya PS	20	
LK-61	Kurunegala	LG-61004	Nikaweratiya PS	21	
LK-61	Kurunegala	LG-61005	Polpithigama PS	1	
LK-61	Kurunegala	LG-61005	Polpithigama PS	2	
LK-61	Kurunegala	LG-61005	Polpithigama PS	3	
LK-61	Kurunegala	LG-61005	Polpithigama PS	4	
LK-61	Kurunegala	LG-61005	Polpithigama PS	5	
LK-61	Kurunegala	LG-61005	Polpithigama PS	6	
LK-61	Kurunegala	LG-61005	Polpithigama PS	7	
LK-61	Kurunegala	LG-61005	Polpithigama PS	8	
LK-61	Kurunegala	LG-61005	Polpithigama PS	9	
LK-61	Kurunegala	LG-61005	Polpithigama PS	10	
LK-61	Kurunegala	LG-61005	Polpithigama PS	11	
LK-61	Kurunegala	LG-61005	Polpithigama PS	12	
LK-61	Kurunegala	LG-61005	Polpithigama PS	13	
LK-61	Kurunegala	LG-61005	Polpithigama PS	14	
LK-61	Kurunegala	LG-61005	Polpithigama PS	15	
LK-61	Kurunegala	LG-61005	Polpithigama PS	16	
LK-61	Kurunegala	LG-61005	Polpithigama PS	17	
LK-61	Kurunegala	LG-61005	Polpithigama PS	18	
LK-61	Kurunegala	LG-61006	Ibbagamuwa PS	1	
LK-61	Kurunegala	LG-61006	Ibbagamuwa PS	2	
LK-61	Kurunegala	LG-61006	Ibbagamuwa PS	3	
LK-61	Kurunegala	LG-61006	Ibbagamuwa PS	4	
LK-61	Kurunegala	LG-61006	Ibbagamuwa PS	5	
LK-61	Kurunegala	LG-61006	Ibbagamuwa PS	6	
LK-61	Kurunegala	LG-61006	Ibbagamuwa PS	7	
LK-61	Kurunegala	LG-61006	Ibbagamuwa PS	8	
LK-61	Kurunegala	LG-61006	Ibbagamuwa PS	9	
LK-61	Kurunegala	LG-61006	Ibbagamuwa PS	10	
LK-61	Kurunegala	LG-61006	Ibbagamuwa PS	11	
LK-61	Kurunegala	LG-61006	Ibbagamuwa PS	12	
LK-61	Kurunegala	LG-61006	Ibbagamuwa PS	13	
LK-61	Kurunegala	LG-61006	Ibbagamuwa PS	14	
LK-61	Kurunegala	LG-61006	Ibbagamuwa PS	15	
LK-61	Kurunegala	LG-61006	Ibbagamuwa PS	16	
LK-61	Kurunegala	LG-61006	Ibbagamuwa PS	17	
LK-61	Kurunegala	LG-61006	Ibbagamuwa PS	18	
LK-61	Kurunegala	LG-61006	Ibbagamuwa PS	19	
LK-61	Kurunegala	LG-61006	Ibbagamuwa PS	20	
LK-61	Kurunegala	LG-61006	Ibbagamuwa PS	21	
LK-61	Kurunegala	LG-61006	Ibbagamuwa PS	22	
LK-61	Kurunegala	LG-61006	Ibbagamuwa PS	23	
LK-61	Kurunegala	LG-61006	Ibbagamuwa PS	24	
LK-61	Kurunegala	LG-61006	Ibbagamuwa PS	25	
LK-61	Kurunegala	LG-61007	Wariyapola PS	1	
LK-61	Kurunegala	LG-61007	Wariyapola PS	2	
LK-61	Kurunegala	LG-61007	Wariyapola PS	3	
LK-61	Kurunegala	LG-61007	Wariyapola PS	4	
LK-61	Kurunegala	LG-61007	Wariyapola PS	5	
LK-61	Kurunegala	LG-61007	Wariyapola PS	6	
LK-61	Kurunegala	LG-61007	Wariyapola PS	7	
LK-61	Kurunegala	LG-61007	Wariyapola PS	8	
LK-61	Kurunegala	LG-61007	Wariyapola PS	9	
LK-61	Kurunegala	LG-61007	Wariyapola PS	10	
LK-61	Kurunegala	LG-61007	Wariyapola PS	11	
LK-61	Kurunegala	LG-61007	Wariyapola PS	12	
LK-61	Kurunegala	LG-61007	Wariyapola PS	13	
LK-61	Kurunegala	LG-61007	Wariyapola PS	14	
LK-61	Kurunegala	LG-61007	Wariyapola PS	15	
LK-61	Kurunegala	LG-61007	Wariyapola PS	16	
LK-61	Kurunegala	LG-61007	Wariyapola PS	17	
LK-61	Kurunegala	LG-61007	Wariyapola PS	18	
LK-61	Kurunegala	LG-61007	Wariyapola PS	19	
LK-61	Kurunegala	LG-61007	Wariyapola PS	20	
LK-61	Kurunegala	LG-61007	Wariyapola PS	21	
LK-61	Kurunegala	LG-61007	Wariyapola PS	22	
LK-61	Kurunegala	LG-61007	Wariyapola PS	23	
LK-61	Kurunegala	LG-61008	Kobeigane PS	1	
LK-61	Kurunegala	LG-61008	Kobeigane PS	2	
LK-61	Kurunegala	LG-61008	Kobeigane PS	3	
LK-61	Kurunegala	LG-61008	Kobeigane PS	4	
LK-61	Kurunegala	LG-61008	Kobeigane PS	5	
LK-61	Kurunegala	LG-61008	Kobeigane PS	6	
LK-61	Kurunegala	LG-61008	Kobeigane PS	7	
LK-61	Kurunegala	LG-61008	Kobeigane PS	8	
LK-61	Kurunegala	LG-61008	Kobeigane PS	9	
LK-61	Kurunegala	LG-61008	Kobeigane PS	10	
LK-61	Kurunegala	LG-61009	Bingiriya PS	1	
LK-61	Kurunegala	LG-61009	Bingiriya PS	2	
LK-61	Kurunegala	LG-61009	Bingiriya PS	3	
LK-61	Kurunegala	LG-61009	Bingiriya PS	4	
LK-61	Kurunegala	LG-61009	Bingiriya PS	5	
LK-61	Kurunegala	LG-61009	Bingiriya PS	6	
LK-61	Kurunegala	LG-61009	Bingiriya PS	7	
LK-61	Kurunegala	LG-61009	Bingiriya PS	8	
LK-61	Kurunegala	LG-61009	Bingiriya PS	9	
LK-61	Kurunegala	LG-61009	Bingiriya PS	10	
LK-61	Kurunegala	LG-61009	Bingiriya PS	11	
LK-61	Kurunegala	LG-61009	Bingiriya PS	12	
LK-61	Kurunegala	LG-61009	Bingiriya PS	13	
LK-61	Kurunegala	LG-61010	Paduwasnuwara PS	1	
LK-61	Kurunegala	LG-61010	Paduwasnuwara PS	2	
LK-61	Kurunegala	LG-61010	Paduwasnuwara PS	3	
LK-61	Kurunegala	LG-61010	Paduwasnuwara PS	4	
LK-61	Kurunegala	LG-61010	Paduwasnuwara PS	5	
LK-61	Kurunegala	LG-61010	Paduwasnuwara PS	6	
LK-61	Kurunegala	LG-61010	Paduwasnuwara PS	7	
LK-61	Kurunegala	LG-61010	Paduwasnuwara PS	8	
LK-61	Kurunegala	LG-61010	Paduwasnuwara PS	9	
LK-61	Kurunegala	LG-61010	Paduwasnuwara PS	10	
LK-61	Kurunegala	LG-61010	Paduwasnuwara PS	11	
LK-61	Kurunegala	LG-61010	Paduwasnuwara PS	12	
LK-61	Kurunegala	LG-61010	Paduwasnuwara PS	13	
LK-61	Kurunegala	LG-61010	Paduwasnuwara PS	14	
LK-61	Kurunegala	LG-61010	Paduwasnuwara PS	15	
LK-61	Kurunegala	LG-61010	Paduwasnuwara PS	16	
LK-61	Kurunegala	LG-61010	Paduwasnuwara PS	17	
LK-61	Kurunegala	LG-61010	Paduwasnuwara PS	18	
LK-61	Kurunegala	LG-61010	Paduwasnuwara PS	19	
LK-61	Kurunegala	LG-61010	Paduwasnuwara PS	20	
LK-61	Kurunegala	LG-61010	Paduwasnuwara PS	21	
LK-61	Kurunegala	LG-61010	Paduwasnuwara PS	22	
LK-61	Kurunegala	LG-61011	Kurunegala PS	1	
LK-61	Kurunegala	LG-61011	Kurunegala PS	2	
LK-61	Kurunegala	LG-61011	Kurunegala PS	3	
LK-61	Kurunegala	LG-61011	Kurunegala PS	4	
LK-61	Kurunegala	LG-61011	Kurunegala PS	5	
LK-61	Kurunegala	LG-61011	Kurunegala PS	6	
LK-61	Kurunegala	LG-61011	Kurunegala PS	7	
LK-61	Kurunegala	LG-61011	Kurunegala PS	8	
LK-61	Kurunegala	LG-61011	Kurunegala PS	9	
LK-61	Kurunegala	LG-61011	Kurunegala PS	10	
LK-61	Kurunegala	LG-61011	Kurunegala PS	11	
LK-61	Kurunegala	LG-61011	Kurunegala PS	12	
LK-61	Kurunegala	LG-61011	Kurunegala PS	13	
LK-61	Kurunegala	LG-61011	Kurunegala PS	14	
LK-61	Kurunegala	LG-61011	Kurunegala PS	15	
LK-61	Kurunegala	LG-61011	Kurunegala PS	16	
LK-61	Kurunegala	LG-61011	Kurunegala PS	17	
LK-61	Kurunegala	LG-61011	Kurunegala PS	18	
LK-61	Kurunegala	LG-61011	Kurunegala PS	19	
LK-61	Kurunegala	LG-61011	Kurunegala PS	20	
LK-61	Kurunegala	LG-61011	Kurunegala PS	21	
LK-61	Kurunegala	LG-61011	Kurunegala PS	22	
LK-61	Kurunegala	LG-61011	Kurunegala PS	23	
LK-61	Kurunegala	LG-61011	Kurunegala PS	24	
LK-61	Kurunegala	LG-61011	Kurunegala PS	25	
LK-61	Kurunegala	LG-61012	Kurunegala MC	1	
LK-61	Kurunegala	LG-61012	Kurunegala MC	2	
LK-61	Kurunegala	LG-61012	Kurunegala MC	3	
LK-61	Kurunegala	LG-61012	Kurunegala MC	4	
LK-61	Kurunegala	LG-61012	Kurunegala MC	5	
LK-61	Kurunegala	LG-61012	Kurunegala MC	6	
LK-61	Kurunegala	LG-61012	Kurunegala MC	7	
LK-61	Kurunegala	LG-61012	Kurunegala MC	8	
LK-61	Kurunegala	LG-61012	Kurunegala MC	9	
LK-61	Kurunegala	LG-61012	Kurunegala MC	10	
LK-61	Kurunegala	LG-61012	Kurunegala MC	11	
LK-61	Kurunegala	LG-61012	Kurunegala MC	12	
LK-61	Kurunegala	LG-61012	Kurunegala MC	13	
LK-61	Kurunegala	LG-61013	Mawathagama PS	1	
LK-61	Kurunegala	LG-61013	Mawathagama PS	2	
LK-61	Kurunegala	LG-61013	Mawathagama PS	3	
LK-61	Kurunegala	LG-61013	Mawathagama PS	4	
LK-61	Kurunegala	LG-61013	Mawathagama PS	5	
LK-61	Kurunegala	LG-61013	Mawathagama PS	6	
LK-61	Kurunegala	LG-61013	Mawathagama PS	7	
LK-61	Kurunegala	LG-61013	Mawathagama PS	8	
LK-61	Kurunegala	LG-61013	Mawathagama PS	9	
LK-61	Kurunegala	LG-61013	Mawathagama PS	10	
LK-61	Kurunegala	LG-61013	Mawathagama PS	11	
LK-61	Kurunegala	LG-61013	Mawathagama PS	12	
LK-61	Kurunegala	LG-61013	Mawathagama PS	13	
LK-61	Kurunegala	LG-61013	Mawathagama PS	14	
LK-61	Kurunegala	LG-61013	Mawathagama PS	15	
LK-61	Kurunegala	LG-61013	Mawathagama PS	16	
LK-61	Kurunegala	LG-61014	Rideegama PS	1	
LK-61	Kurunegala	LG-61014	Rideegama PS	2	
LK-61	Kurunegala	LG-61014	Rideegama PS	3	
LK-61	Kurunegala	LG-61014	Rideegama PS	4	
LK-61	Kurunegala	LG-61014	Rideegama PS	5	
LK-61	Kurunegala	LG-61014	Rideegama PS	6	
LK-61	Kurunegala	LG-61014	Rideegama PS	7	
LK-61	Kurunegala	LG-61014	Rideegama PS	8	
LK-61	Kurunegala	LG-61014	Rideegama PS	9	
LK-61	Kurunegala	LG-61014	Rideegama PS	10	
LK-61	Kurunegala	LG-61014	Rideegama PS	11	
LK-61	Kurunegala	LG-61014	Rideegama PS	12	
LK-61	Kurunegala	LG-61014	Rideegama PS	13	
LK-61	Kurunegala	LG-61014	Rideegama PS	14	
LK-61	Kurunegala	LG-61014	Rideegama PS	15	
LK-61	Kurunegala	LG-61014	Rideegama PS	16	
LK-61	Kurunegala	LG-61014	Rideegama PS	17	
LK-61	Kurunegala	LG-61014	Rideegama PS	18	
LK-61	Kurunegala	LG-61014	Rideegama PS	19	
LK-61	Kurunegala	LG-61014	Rideegama PS	20	
LK-61	Kurunegala	LG-61014	Rideegama PS	21	
LK-61	Kurunegala	LG-61014	Rideegama PS	22	
LK-61	Kurunegala	LG-61015	Polgahawela PS	1	
LK-61	Kurunegala	LG-61015	Polgahawela PS	2	
LK-61	Kurunegala	LG-61015	Polgahawela PS	3	
LK-61	Kurunegala	LG-61015	Polgahawela PS	4	
LK-61	Kurunegala	LG-61015	Polgahawela PS	5	
LK-61	Kurunegala	LG-61015	Polgahawela PS	6	
LK-61	Kurunegala	LG-61015	Polgahawela PS	7	
LK-61	Kurunegala	LG-61015	Polgahawela PS	8	
LK-61	Kurunegala	LG-61015	Polgahawela PS	9	
LK-61	Kurunegala	LG-61015	Polgahawela PS	10	
LK-61	Kurunegala	LG-61015	Polgahawela PS	11	
LK-61	Kurunegala	LG-61015	Polgahawela PS	12	
LK-61	Kurunegala	LG-61015	Polgahawela PS	13	
LK-61	Kurunegala	LG-61015	Polgahawela PS	14	
LK-61	Kurunegala	LG-61015	Polgahawela PS	15	
LK-61	Kurunegala	LG-61015	Polgahawela PS	16	
LK-61	Kurunegala	LG-61015	Polgahawela PS	17	
LK-61	Kurunegala	LG-61015	Polgahawela PS	18	
LK-61	Kurunegala	LG-61015	Polgahawela PS	19	
LK-61	Kurunegala	LG-61015	Polgahawela PS	20	
LK-61	Kurunegala	LG-61015	Polgahawela PS	21	
LK-61	Kurunegala	LG-61015	Polgahawela PS	22	
LK-61	Kurunegala	LG-61016	Kuliyapitiya PS	1	
LK-61	Kurunegala	LG-61016	Kuliyapitiya PS	2	
LK-61	Kurunegala	LG-61016	Kuliyapitiya PS	3	
LK-61	Kurunegala	LG-61016	Kuliyapitiya PS	4	
LK-61	Kurunegala	LG-61016	Kuliyapitiya PS	5	
LK-61	Kurunegala	LG-61016	Kuliyapitiya PS	6	
LK-61	Kurunegala	LG-61016	Kuliyapitiya PS	7	
LK-61	Kurunegala	LG-61016	Kuliyapitiya PS	8	
LK-61	Kurunegala	LG-61016	Kuliyapitiya PS	9	
LK-61	Kurunegala	LG-61016	Kuliyapitiya PS	10	
LK-61	Kurunegala	LG-61016	Kuliyapitiya PS	11	
LK-61	Kurunegala	LG-61016	Kuliyapitiya PS	12	
LK-61	Kurunegala	LG-61016	Kuliyapitiya PS	13	
LK-61	Kurunegala	LG-61016	Kuliyapitiya PS	14	
LK-61	Kurunegala	LG-61016	Kuliyapitiya PS	15	
LK-61	Kurunegala	LG-61016	Kuliyapitiya PS	16	
LK-61	Kurunegala	LG-61016	Kuliyapitiya PS	17	
LK-61	Kurunegala	LG-61016	Kuliyapitiya PS	18	
LK-61	Kurunegala	LG-61016	Kuliyapitiya PS	19	
LK-61	Kurunegala	LG-61016	Kuliyapitiya PS	20	
LK-61	Kurunegala	LG-61016	Kuliyapitiya PS	21	
LK-61	Kurunegala	LG-61016	Kuliyapitiya PS	22	
LK-61	Kurunegala	LG-61016	Kuliyapitiya PS	23	
LK-61	Kurunegala	LG-61016	Kuliyapitiya PS	24	
LK-61	Kurunegala	LG-61016	Kuliyapitiya PS	25	
LK-61	Kurunegala	LG-61017	Kuliyapitiya UC	1	
LK-61	Kurunegala	LG-61017	Kuliyapitiya UC	2	
LK-61	Kurunegala	LG-61017	Kuliyapitiya UC	3	
LK-61	Kurunegala	LG-61017	Kuliyapitiya UC	4	
LK-61	Kurunegala	LG-61017	Kuliyapitiya UC	5	
LK-61	Kurunegala	LG-61017	Kuliyapitiya UC	6	
LK-61	Kurunegala	LG-61017	Kuliyapitiya UC	7	
LK-61	Kurunegala	LG-61017	Kuliyapitiya UC	8	
LK-61	Kurunegala	LG-61017	Kuliyapitiya UC	9	
LK-61	Kurunegala	LG-61018	Udubaddawa PS	1	
LK-61	Kurunegala	LG-61018	Udubaddawa PS	2	
LK-61	Kurunegala	LG-61018	Udubaddawa PS	3	
LK-61	Kurunegala	LG-61018	Udubaddawa PS	4	
LK-61	Kurunegala	LG-61018	Udubaddawa PS	5	
LK-61	Kurunegala	LG-61018	Udubaddawa PS	6	
LK-61	Kurunegala	LG-61018	Udubaddawa PS	7	
LK-61	Kurunegala	LG-61018	Udubaddawa PS	8	
LK-61	Kurunegala	LG-61018	Udubaddawa PS	9	
LK-61	Kurunegala	LG-61018	Udubaddawa PS	10	
LK-61	Kurunegala	LG-61018	Udubaddawa PS	11	
LK-61	Kurunegala	LG-61019	Pannala PS	1	
LK-61	Kurunegala	LG-61019	Pannala PS	2	
LK-61	Kurunegala	LG-61019	Pannala PS	3	
LK-61	Kurunegala	LG-61019	Pannala PS	4	
LK-61	Kurunegala	LG-61019	Pannala PS	5	
LK-61	Kurunegala	LG-61019	Pannala PS	6	
LK-61	Kurunegala	LG-61019	Pannala PS	7	
LK-61	Kurunegala	LG-61019	Pannala PS	8	
LK-61	Kurunegala	LG-61019	Pannala PS	9	
LK-61	Kurunegala	LG-61019	Pannala PS	10	
LK-61	Kurunegala	LG-61019	Pannala PS	11	
LK-61	Kurunegala	LG-61019	Pannala PS	12	
LK-61	Kurunegala	LG-61019	Pannala PS	13	
LK-61	Kurunegala	LG-61019	Pannala PS	14	
LK-61	Kurunegala	LG-61019	Pannala PS	15	
LK-61	Kurunegala	LG-61019	Pannala PS	16	
LK-61	Kurunegala	LG-61019	Pannala PS	17	
LK-61	Kurunegala	LG-61019	Pannala PS	18	
LK-61	Kurunegala	LG-61019	Pannala PS	19	
LK-61	Kurunegala	LG-61019	Pannala PS	20	
LK-61	Kurunegala	LG-61019	Pannala PS	21	
LK-61	Kurunegala	LG-61019	Pannala PS	22	
LK-61	Kurunegala	LG-61019	Pannala PS	23	
LK-61	Kurunegala	LG-61019	Pannala PS	24	
LK-61	Kurunegala	LG-61020	Narammala PS	1	
LK-61	Kurunegala	LG-61020	Narammala PS	2	
LK-61	Kurunegala	LG-61020	Narammala PS	3	
LK-61	Kurunegala	LG-61020	Narammala PS	4	
LK-61	Kurunegala	LG-61020	Narammala PS	5	
LK-61	Kurunegala	LG-61020	Narammala PS	6	
LK-61	Kurunegala	LG-61020	Narammala PS	7	
LK-61	Kurunegala	LG-61020	Narammala PS	8	
LK-61	Kurunegala	LG-61020	Narammala PS	9	
LK-61	Kurunegala	LG-61020	Narammala PS	10	
LK-61	Kurunegala	LG-61020	Narammala PS	11	
LK-61	Kurunegala	LG-61021	Alawwa PS	1	
LK-61	Kurunegala	LG-61021	Alawwa PS	2	
LK-61	Kurunegala	LG-61021	Alawwa PS	3	
LK-61	Kurunegala	LG-61021	Alawwa PS	4	
LK-61	Kurunegala	LG-61021	Alawwa PS	5	
LK-61	Kurunegala	LG-61021	Alawwa PS	6	
LK-61	Kurunegala	LG-61021	Alawwa PS	7	
LK-61	Kurunegala	LG-61021	Alawwa PS	8	
LK-61	Kurunegala	LG-61021	Alawwa PS	9	
LK-61	Kurunegala	LG-61021	Alawwa PS	10	
LK-61	Kurunegala	LG-61021	Alawwa PS	11	
LK-61	Kurunegala	LG-61021	Alawwa PS	12	
LK-61	Kurunegala	LG-61021	Alawwa PS	13	
LK-61	Kurunegala	LG-61021	Alawwa PS	14	
LK-61	Kurunegala	LG-61021	Alawwa PS	15	
LK-62	Puttalam	LG-62001	Kalpitiya PS	1	
LK-62	Puttalam	LG-62001	Kalpitiya PS	2	
LK-62	Puttalam	LG-62001	Kalpitiya PS	3	
LK-62	Puttalam	LG-62001	Kalpitiya PS	4	
LK-62	Puttalam	LG-62001	Kalpitiya PS	5	
LK-62	Puttalam	LG-62001	Kalpitiya PS	6	
LK-62	Puttalam	LG-62001	Kalpitiya PS	7	
LK-62	Puttalam	LG-62001	Kalpitiya PS	8	
LK-62	Puttalam	LG-62001	Kalpitiya PS	9	
LK-62	Puttalam	LG-62001	Kalpitiya PS	10	
LK-62	Puttalam	LG-62001	Kalpitiya PS	11	
LK-62	Puttalam	LG-62001	Kalpitiya PS	12	
LK-62	Puttalam	LG-62001	Kalpitiya PS	13	
LK-62	Puttalam	LG-62001	Kalpitiya PS	14	
LK-62	Puttalam	LG-62001	Kalpitiya PS	15	
LK-62	Puttalam	LG-62001	Kalpitiya PS	16	
LK-62	Puttalam	LG-62001	Kalpitiya PS	17	
LK-62	Puttalam	LG-62005	Puttalam PS	1	
LK-62	Puttalam	LG-62005	Puttalam PS	2	
LK-62	Puttalam	LG-62005	Puttalam PS	3	
LK-62	Puttalam	LG-62005	Puttalam PS	4	
LK-62	Puttalam	LG-62005	Puttalam PS	5	
LK-62	Puttalam	LG-62005	Puttalam PS	6	
LK-62	Puttalam	LG-62005	Puttalam PS	7	
LK-62	Puttalam	LG-62005	Puttalam PS	8	
LK-62	Puttalam	LG-62005	Puttalam PS	9	
LK-62	Puttalam	LG-62005	Puttalam PS	10	
LK-62	Puttalam	LG-62005	Puttalam PS	11	
LK-62	Puttalam	LG-62005	Puttalam PS	12	
LK-62	Puttalam	LG-62005	Puttalam PS	13	
LK-62	Puttalam	LG-62005	Puttalam PS	14	
LK-62	Puttalam	LG-62008	Anamaduwa PS	1	
LK-62	Puttalam	LG-62008	Anamaduwa PS	2	
LK-62	Puttalam	LG-62008	Anamaduwa PS	3	
LK-62	Puttalam	LG-62008	Anamaduwa PS	4	
LK-62	Puttalam	LG-62008	Anamaduwa PS	5	
LK-62	Puttalam	LG-62008	Anamaduwa PS	6	
LK-62	Puttalam	LG-62008	Anamaduwa PS	7	
LK-62	Puttalam	LG-62008	Anamaduwa PS	8	
LK-62	Puttalam	LG-62008	Anamaduwa PS	9	
LK-62	Puttalam	LG-62008	Anamaduwa PS	10	
LK-62	Puttalam	LG-62008	Anamaduwa PS	11	
LK-62	Puttalam	LG-62008	Anamaduwa PS	12	
LK-62	Puttalam	LG-62008	Anamaduwa PS	13	
LK-62	Puttalam	LG-62008	Anamaduwa PS	14	
LK-62	Puttalam	LG-62008	Anamaduwa PS	15	
LK-62	Puttalam	LG-62008	Anamaduwa PS	16	
LK-62	Puttalam	LG-62008	Anamaduwa PS	17	
LK-62	Puttalam	LG-62008	Anamaduwa PS	18	
LK-62	Puttalam	LG-62009	Chilaw UC	1	
LK-62	Puttalam	LG-62009	Chilaw UC	2	
LK-62	Puttalam	LG-62009	Chilaw UC	3	
LK-62	Puttalam	LG-62009	Chilaw UC	4	
LK-62	Puttalam	LG-62009	Chilaw UC	5	
LK-62	Puttalam	LG-62009	Chilaw UC	6	
LK-62	Puttalam	LG-62009	Chilaw UC	7	
LK-62	Puttalam	LG-62009	Chilaw UC	8	
LK-62	Puttalam	LG-62009	Chilaw UC	9	
LK-62	Puttalam	LG-62009	Chilaw UC	10	
LK-62	Puttalam	LG-62009	Chilaw UC	11	
LK-62	Puttalam	LG-62009	Chilaw UC	12	
LK-62	Puttalam	LG-62010	Chilaw PS	1	
LK-62	Puttalam	LG-62010	Chilaw PS	2	
LK-62	Puttalam	LG-62010	Chilaw PS	3	
LK-62	Puttalam	LG-62010	Chilaw PS	4	
LK-62	Puttalam	LG-62010	Chilaw PS	7	
LK-62	Puttalam	LG-62010	Chilaw PS	8	
LK-62	Puttalam	LG-62010	Chilaw PS	9	
LK-62	Puttalam	LG-62010	Chilaw PS	10	
LK-62	Puttalam	LG-62010	Chilaw PS	11	
LK-62	Puttalam	LG-62010	Chilaw PS	12	
LK-62	Puttalam	LG-62010	Chilaw PS	13	
LK-62	Puttalam	LG-62010	Chilaw PS	14	
LK-62	Puttalam	LG-62010	Chilaw PS	15	
LK-62	Puttalam	LG-62010	Chilaw PS	16	
LK-62	Puttalam	LG-62010	Chilaw PS	17	
LK-62	Puttalam	LG-62010	Chilaw PS	18	
LK-71	Anuradhapura	LG-71001	Padaviya PS	1	
LK-71	Anuradhapura	LG-71001	Padaviya PS	2	
LK-71	Anuradhapura	LG-71001	Padaviya PS	3	
LK-71	Anuradhapura	LG-71001	Padaviya PS	4	
LK-71	Anuradhapura	LG-71001	Padaviya PS	5	
LK-71	Anuradhapura	LG-71001	Padaviya PS	6	
LK-71	Anuradhapura	LG-71001	Padaviya PS	7	
LK-71	Anuradhapura	LG-71001	Padaviya PS	8	
LK-71	Anuradhapura	LG-71001	Padaviya PS	9	
LK-71	Anuradhapura	LG-71001	Padaviya PS	10	
LK-71	Anuradhapura	LG-71002	Kebithigollewa PS	1	
LK-71	Anuradhapura	LG-71002	Kebithigollewa PS	2	
LK-71	Anuradhapura	LG-71002	Kebithigollewa PS	3	
LK-71	Anuradhapura	LG-71002	Kebithigollewa PS	4	
LK-71	Anuradhapura	LG-71002	Kebithigollewa PS	5	
LK-71	Anuradhapura	LG-71002	Kebithigollewa PS	6	
LK-71	Anuradhapura	LG-71002	Kebithigollewa PS	7	
LK-71	Anuradhapura	LG-71002	Kebithigollewa PS	8	
LK-71	Anuradhapura	LG-71002	Kebithigollewa PS	9	
LK-71	Anuradhapura	LG-71002	Kebithigollewa PS	10	
LK-71	Anuradhapura	LG-71003	Medawachchiya PS	1	
LK-71	Anuradhapura	LG-71003	Medawachchiya PS	2	
LK-71	Anuradhapura	LG-71003	Medawachchiya PS	3	
LK-71	Anuradhapura	LG-71003	Medawachchiya PS	4	
LK-71	Anuradhapura	LG-71003	Medawachchiya PS	5	
LK-71	Anuradhapura	LG-71003	Medawachchiya PS	6	
LK-71	Anuradhapura	LG-71003	Medawachchiya PS	7	
LK-71	Anuradhapura	LG-71003	Medawachchiya PS	8	
LK-71	Anuradhapura	LG-71003	Medawachchiya PS	9	
LK-71	Anuradhapura	LG-71003	Medawachchiya PS	10	
LK-71	Anuradhapura	LG-71003	Medawachchiya PS	11	
LK-71	Anuradhapura	LG-71003	Medawachchiya PS	12	
LK-71	Anuradhapura	LG-71004	Nuwaragam Palatha Central PS	1	
LK-71	Anuradhapura	LG-71004	Nuwaragam Palatha Central PS	2	
LK-71	Anuradhapura	LG-71004	Nuwaragam Palatha Central PS	3	
LK-71	Anuradhapura	LG-71004	Nuwaragam Palatha Central PS	4	
LK-71	Anuradhapura	LG-71004	Nuwaragam Palatha Central PS	5	
LK-71	Anuradhapura	LG-71004	Nuwaragam Palatha Central PS	6	
LK-71	Anuradhapura	LG-71004	Nuwaragam Palatha Central PS	7	
LK-71	Anuradhapura	LG-71004	Nuwaragam Palatha Central PS	8	
LK-71	Anuradhapura	LG-71004	Nuwaragam Palatha Central PS	9	
LK-71	Anuradhapura	LG-71004	Nuwaragam Palatha Central PS	10	
LK-71	Anuradhapura	LG-71004	Nuwaragam Palatha Central PS	11	
LK-71	Anuradhapura	LG-71004	Nuwaragam Palatha Central PS	12	
LK-71	Anuradhapura	LG-71004	Nuwaragam Palatha Central PS	13	
LK-71	Anuradhapura	LG-71004	Nuwaragam Palatha Central PS	14	
LK-71	Anuradhapura	LG-71004	Nuwaragam Palatha Central PS	15	
LK-71	Anuradhapura	LG-71004	Nuwaragam Palatha Central PS	16	
LK-71	Anuradhapura	LG-71005	Anuradhapura MC	1	
LK-71	Anuradhapura	LG-71005	Anuradhapura MC	2	
LK-71	Anuradhapura	LG-71005	Anuradhapura MC	3	
LK-71	Anuradhapura	LG-71005	Anuradhapura MC	4	
LK-71	Anuradhapura	LG-71005	Anuradhapura MC	5	
LK-71	Anuradhapura	LG-71005	Anuradhapura MC	6	
LK-71	Anuradhapura	LG-71005	Anuradhapura MC	7	
LK-71	Anuradhapura	LG-71005	Anuradhapura MC	8	
LK-71	Anuradhapura	LG-71005	Anuradhapura MC	9	
LK-71	Anuradhapura	LG-71005	Anuradhapura MC	10	
LK-71	Anuradhapura	LG-71005	Anuradhapura MC	11	
LK-71	Anuradhapura	LG-71005	Anuradhapura MC	12	
LK-71	Anuradhapura	LG-71005	Anuradhapura MC	13	
LK-71	Anuradhapura	LG-71005	Anuradhapura MC	14	
LK-71	Anuradhapura	LG-71006	Rambewa PS	1	
LK-71	Anuradhapura	LG-71006	Rambewa PS	2	
LK-71	Anuradhapura	LG-71006	Rambewa PS	3	
LK-71	Anuradhapura	LG-71006	Rambewa PS	4	
LK-71	Anuradhapura	LG-71006	Rambewa PS	5	
LK-71	Anuradhapura	LG-71006	Rambewa PS	6	
LK-71	Anuradhapura	LG-71006	Rambewa PS	7	
LK-71	Anuradhapura	LG-71006	Rambewa PS	8	
LK-71	Anuradhapura	LG-71006	Rambewa PS	9	
LK-71	Anuradhapura	LG-71006	Rambewa PS	10	
LK-71	Anuradhapura	LG-71006	Rambewa PS	11	
LK-71	Anuradhapura	LG-71007	Kahatagasdigiliya PS	1	
LK-71	Anuradhapura	LG-71007	Kahatagasdigiliya PS	2	
LK-71	Anuradhapura	LG-71007	Kahatagasdigiliya PS	3	
LK-71	Anuradhapura	LG-71007	Kahatagasdigiliya PS	4	
LK-71	Anuradhapura	LG-71007	Kahatagasdigiliya PS	5	
LK-71	Anuradhapura	LG-71007	Kahatagasdigiliya PS	6	
LK-71	Anuradhapura	LG-71007	Kahatagasdigiliya PS	7	
LK-71	Anuradhapura	LG-71007	Kahatagasdigiliya PS	8	
LK-71	Anuradhapura	LG-71007	Kahatagasdigiliya PS	9	
LK-71	Anuradhapura	LG-71007	Kahatagasdigiliya PS	10	
LK-71	Anuradhapura	LG-71008	Horowpothana PS	1	
LK-71	Anuradhapura	LG-71008	Horowpothana PS	2	
LK-71	Anuradhapura	LG-71008	Horowpothana PS	3	
LK-71	Anuradhapura	LG-71008	Horowpothana PS	4	
LK-71	Anuradhapura	LG-71008	Horowpothana PS	5	
LK-71	Anuradhapura	LG-71008	Horowpothana PS	6	
LK-71	Anuradhapura	LG-71008	Horowpothana PS	7	
LK-71	Anuradhapura	LG-71008	Horowpothana PS	8	
LK-71	Anuradhapura	LG-71008	Horowpothana PS	9	
LK-71	Anuradhapura	LG-71008	Horowpothana PS	10	
LK-71	Anuradhapura	LG-71008	Horowpothana PS	11	
LK-71	Anuradhapura	LG-71008	Horowpothana PS	12	
LK-71	Anuradhapura	LG-71009	Galenbindunuwewa PS	1	
LK-71	Anuradhapura	LG-71009	Galenbindunuwewa PS	2	
LK-71	Anuradhapura	LG-71009	Galenbindunuwewa PS	3	
LK-71	Anuradhapura	LG-71009	Galenbindunuwewa PS	4	
LK-71	Anuradhapura	LG-71009	Galenbindunuwewa PS	5	
LK-71	Anuradhapura	LG-71009	Galenbindunuwewa PS	6	
LK-71	Anuradhapura	LG-71009	Galenbindunuwewa PS	7	
LK-71	Anuradhapura	LG-71009	Galenbindunuwewa PS	8	
LK-71	Anuradhapura	LG-71009	Galenbindunuwewa PS	9	
LK-71	Anuradhapura	LG-71009	Galenbindunuwewa PS	10	
LK-71	Anuradhapura	LG-71009	Galenbindunuwewa PS	11	
LK-71	Anuradhapura	LG-71010	Mihinthale PS	1	
LK-71	Anuradhapura	LG-71010	Mihinthale PS	2	
LK-71	Anuradhapura	LG-71010	Mihinthale PS	3	
LK-71	Anuradhapura	LG-71010	Mihinthale PS	4	
LK-71	Anuradhapura	LG-71010	Mihinthale PS	5	
LK-71	Anuradhapura	LG-71010	Mihinthale PS	6	
LK-71	Anuradhapura	LG-71010	Mihinthale PS	7	
LK-71	Anuradhapura	LG-71010	Mihinthale PS	8	
LK-71	Anuradhapura	LG-71010	Mihinthale PS	9	
LK-71	Anuradhapura	LG-71010	Mihinthale PS	10	
LK-71	Anuradhapura	LG-71011	Nuwaragam Palatha East PS	1	
LK-71	Anuradhapura	LG-71011	Nuwaragam Palatha East PS	2	
LK-71	Anuradhapura	LG-71011	Nuwaragam Palatha East PS	3	
LK-71	Anuradhapura	LG-71011	Nuwaragam Palatha East PS	4	
LK-71	Anuradhapura	LG-71011	Nuwaragam Palatha East PS	5	
LK-71	Anuradhapura	LG-71011	Nuwaragam Palatha East PS	6	
LK-71	Anuradhapura	LG-71011	Nuwaragam Palatha East PS	7	
LK-71	Anuradhapura	LG-71011	Nuwaragam Palatha East PS	8	
LK-71	Anuradhapura	LG-71011	Nuwaragam Palatha East PS	9	
LK-71	Anuradhapura	LG-71011	Nuwaragam Palatha East PS	10	
LK-71	Anuradhapura	LG-71011	Nuwaragam Palatha East PS	11	
LK-71	Anuradhapura	LG-71012	Thirappane PS	1	
LK-71	Anuradhapura	LG-71012	Thirappane PS	2	
LK-71	Anuradhapura	LG-71012	Thirappane PS	3	
LK-71	Anuradhapura	LG-71012	Thirappane PS	4	
LK-71	Anuradhapura	LG-71012	Thirappane PS	5	
LK-71	Anuradhapura	LG-71012	Thirappane PS	6	
LK-71	Anuradhapura	LG-71012	Thirappane PS	7	
LK-71	Anuradhapura	LG-71012	Thirappane PS	8	
LK-71	Anuradhapura	LG-71012	Thirappane PS	9	
LK-71	Anuradhapura	LG-71012	Thirappane PS	10	
LK-71	Anuradhapura	LG-71013	Nochchiyagama PS	1	
LK-71	Anuradhapura	LG-71013	Nochchiyagama PS	2	
LK-71	Anuradhapura	LG-71013	Nochchiyagama PS	3	
LK-71	Anuradhapura	LG-71013	Nochchiyagama PS	4	
LK-71	Anuradhapura	LG-71013	Nochchiyagama PS	5	
LK-71	Anuradhapura	LG-71013	Nochchiyagama PS	6	
LK-71	Anuradhapura	LG-71013	Nochchiyagama PS	7	
LK-71	Anuradhapura	LG-71013	Nochchiyagama PS	8	
LK-71	Anuradhapura	LG-71013	Nochchiyagama PS	9	
LK-71	Anuradhapura	LG-71013	Nochchiyagama PS	10	
LK-71	Anuradhapura	LG-71013	Nochchiyagama PS	11	
LK-71	Anuradhapura	LG-71013	Nochchiyagama PS	12	
LK-71	Anuradhapura	LG-71014	Rajanganaya PS	1	
LK-71	Anuradhapura	LG-71014	Rajanganaya PS	2	
LK-71	Anuradhapura	LG-71014	Rajanganaya PS	3	
LK-71	Anuradhapura	LG-71014	Rajanganaya PS	4	
LK-71	Anuradhapura	LG-71014	Rajanganaya PS	5	
LK-71	Anuradhapura	LG-71014	Rajanganaya PS	6	
LK-71	Anuradhapura	LG-71014	Rajanganaya PS	7	
LK-71	Anuradhapura	LG-71014	Rajanganaya PS	8	
LK-71	Anuradhapura	LG-71014	Rajanganaya PS	9	
LK-71	Anuradhapura	LG-71014	Rajanganaya PS	10	
LK-71	Anuradhapura	LG-71015	Thalawa PS	1	
LK-71	Anuradhapura	LG-71015	Thalawa PS	2	
LK-71	Anuradhapura	LG-71015	Thalawa PS	3	
LK-71	Anuradhapura	LG-71015	Thalawa PS	4	
LK-71	Anuradhapura	LG-71015	Thalawa PS	5	
LK-71	Anuradhapura	LG-71015	Thalawa PS	8	
LK-71	Anuradhapura	LG-71015	Thalawa PS	9	
LK-71	Anuradhapura	LG-71015	Thalawa PS	10	
LK-71	Anuradhapura	LG-71015	Thalawa PS	11	
LK-71	Anuradhapura	LG-71015	Thalawa PS	12	
LK-71	Anuradhapura	LG-71015	Thalawa PS	13	
LK-71	Anuradhapura	LG-71015	Thalawa PS	14	
LK-71	Anuradhapura	LG-71015	Thalawa PS	15	
LK-71	Anuradhapura	LG-71015	Thalawa PS	16	
LK-71	Anuradhapura	LG-71015	Thalawa PS	17	
LK-71	Anuradhapura	LG-71015	Thalawa PS	18	
LK-71	Anuradhapura	LG-71015	Thalawa PS	19	
LK-71	Anuradhapura	LG-71015	Thalawa PS	20	
LK-71	Anuradhapura	LG-71017	Kekirawa PS	1	
LK-71	Anuradhapura	LG-71017	Kekirawa PS	2	
LK-71	Anuradhapura	LG-71017	Kekirawa PS	3	
LK-71	Anuradhapura	LG-71017	Kekirawa PS	4	
LK-71	Anuradhapura	LG-71017	Kekirawa PS	5	
LK-71	Anuradhapura	LG-71017	Kekirawa PS	6	
LK-71	Anuradhapura	LG-71017	Kekirawa PS	7	
LK-71	Anuradhapura	LG-71017	Kekirawa PS	8	
LK-71	Anuradhapura	LG-71017	Kekirawa PS	9	
LK-71	Anuradhapura	LG-71017	Kekirawa PS	10	
LK-71	Anuradhapura	LG-71017	Kekirawa PS	11	
LK-71	Anuradhapura	LG-71017	Kekirawa PS	12	
LK-71	Anuradhapura	LG-71017	Kekirawa PS	13	
LK-71	Anuradhapura	LG-71017	Kekirawa PS	14	
LK-71	Anuradhapura	LG-71017	Kekirawa PS	15	
LK-71	Anuradhapura	LG-71017	Kekirawa PS	16	
LK-71	Anuradhapura	LG-71018	Ipalogama PS	1	
LK-71	Anuradhapura	LG-71018	Ipalogama PS	2	
LK-71	Anuradhapura	LG-71018	Ipalogama PS	3	
LK-71	Anuradhapura	LG-71018	Ipalogama PS	4	
LK-71	Anuradhapura	LG-71018	Ipalogama PS	5	
LK-71	Anuradhapura	LG-71018	Ipalogama PS	6	
LK-71	Anuradhapura	LG-71018	Ipalogama PS	7	
LK-71	Anuradhapura	LG-71018	Ipalogama PS	8	
LK-71	Anuradhapura	LG-71018	Ipalogama PS	9	
LK-71	Anuradhapura	LG-71018	Ipalogama PS	10	
LK-71	Anuradhapura	LG-71019	Palagala PS	1	
LK-71	Anuradhapura	LG-71019	Palagala PS	2	
LK-71	Anuradhapura	LG-71019	Palagala PS	3	
LK-71	Anuradhapura	LG-71019	Palagala PS	4	
LK-71	Anuradhapura	LG-71019	Palagala PS	5	
LK-71	Anuradhapura	LG-71019	Palagala PS	6	
LK-71	Anuradhapura	LG-71019	Palagala PS	7	
LK-71	Anuradhapura	LG-71019	Palagala PS	8	
LK-71	Anuradhapura	LG-71019	Palagala PS	9	
LK-71	Anuradhapura	LG-71019	Palagala PS	10	